고객번호,고객명,변경일자,기준금리(CD91),가산금리(Spread),최종협의금리,이벤트여부
F4C4DF53,고객00001,2026-04-14,2.85%,2.41%,5.26%,N
F4C4DF53,고객00001,2026-01-14,2.76%,2.43%,5.19%,N
687A8657,고객00002,2026-04-14,2.85%,2.54%,5.39%,N
687A8657,고객00002,2026-01-14,2.76%,2.53%,5.29%,N
687A8657,고객00002,2025-10-14,2.75%,2.54%,5.29%,N
687A8657,고객00002,2025-07-14,2.68%,2.53%,5.21%,N
8183A533,고객00004,2026-04-14,2.85%,2.40%,5.25%,N
FAC037AD,고객00006,2026-04-14,2.85%,1.68%,4.53%,N
FAC037AD,고객00006,2026-01-14,2.76%,1.74%,4.50%,N
FAC037AD,고객00006,2025-10-14,2.75%,1.72%,4.47%,N
282389D8,고객00007,2026-04-14,2.85%,2.20%,5.05%,N
4B641CDD,고객00008,2026-04-14,2.85%,1.87%,4.72%,N
4B641CDD,고객00008,2026-01-14,2.76%,1.93%,4.69%,N
4B641CDD,고객00008,2025-10-14,2.75%,1.87%,4.62%,N
08B72FA2,고객00009,2026-04-14,2.85%,2.72%,5.57%,N
18721A36,고객00010,2026-04-14,2.85%,1.04%,3.89%,Y
18721A36,고객00010,2026-01-14,2.76%,1.06%,3.82%,Y
A1722038,고객00011,2026-04-14,2.85%,2.19%,5.04%,N
A1722038,고객00011,2026-01-14,2.76%,2.16%,4.92%,N
A1722038,고객00011,2025-10-14,2.75%,2.19%,4.94%,N
DB88F7BF,고객00012,2026-04-14,2.85%,2.07%,4.92%,N
DB88F7BF,고객00012,2026-01-14,2.76%,2.14%,4.90%,N
DB88F7BF,고객00012,2025-10-14,2.75%,2.11%,4.86%,N
DB88F7BF,고객00012,2025-07-14,2.68%,2.11%,4.79%,N
8AF9BA32,고객00013,2026-04-14,2.85%,2.72%,5.57%,N
4B10DA8A,고객00014,2026-04-14,2.85%,1.29%,4.14%,Y
4B10DA8A,고객00014,2026-01-14,2.76%,1.28%,4.04%,Y
4B10DA8A,고객00014,2025-10-14,2.75%,1.24%,3.99%,Y
D5B1FECC,고객00016,2026-04-14,2.85%,2.61%,5.46%,N
8A57F967,고객00017,2026-04-14,2.85%,1.20%,4.05%,Y
8A57F967,고객00017,2026-01-14,2.76%,1.22%,3.98%,Y
B856D49A,고객00018,2026-04-14,2.85%,2.94%,5.79%,N
B856D49A,고객00018,2026-01-14,2.76%,3.00%,5.76%,N
B856D49A,고객00018,2025-10-14,2.75%,2.97%,5.72%,N
B856D49A,고객00018,2025-07-14,2.68%,2.94%,5.62%,N
47618DCF,고객00019,2026-04-14,2.85%,2.75%,5.60%,N
47618DCF,고객00019,2026-01-14,2.76%,2.77%,5.53%,N
47618DCF,고객00019,2025-10-14,2.75%,2.78%,5.53%,N
5F803F9A,고객00021,2026-04-14,2.85%,1.50%,4.35%,N
5F803F9A,고객00021,2026-01-14,2.76%,1.54%,4.30%,N
1C6CAFEF,고객00022,2026-04-14,2.85%,2.30%,5.15%,N
1C6CAFEF,고객00022,2026-01-14,2.76%,2.31%,5.07%,N
1C6CAFEF,고객00022,2025-10-14,2.75%,2.33%,5.08%,N
1C6CAFEF,고객00022,2025-07-14,2.68%,2.31%,4.99%,N
F027036A,고객00023,2026-04-14,2.85%,2.74%,5.59%,N
F027036A,고객00023,2026-01-14,2.76%,2.79%,5.55%,N
F027036A,고객00023,2025-10-14,2.75%,2.75%,5.50%,N
542CDC8C,고객00024,2026-04-14,2.85%,2.57%,5.42%,N
8E218AE8,고객00026,2026-04-14,2.85%,2.77%,5.62%,N
0FAA0283,고객00028,2026-04-14,2.85%,1.30%,4.15%,N
0FAA0283,고객00028,2026-01-14,2.76%,1.30%,4.06%,Y
FF067FF0,고객00029,2026-04-14,2.85%,1.97%,4.82%,N
FF067FF0,고객00029,2026-01-14,2.76%,1.98%,4.74%,N
FF067FF0,고객00029,2025-10-14,2.75%,1.99%,4.74%,N
FF067FF0,고객00029,2025-07-14,2.68%,1.97%,4.65%,N
F496CFD2,고객00030,2026-04-14,2.85%,3.00%,5.85%,N
F496CFD2,고객00030,2026-01-14,2.76%,2.99%,5.75%,N
6292DBE1,고객00032,2026-04-14,2.85%,2.06%,4.91%,N
6292DBE1,고객00032,2026-01-14,2.76%,2.06%,4.82%,N
6292DBE1,고객00032,2025-10-14,2.75%,2.10%,4.85%,N
6292DBE1,고객00032,2025-07-14,2.68%,2.07%,4.75%,N
F51FBFED,고객00033,2026-04-14,2.85%,1.63%,4.48%,N
F51FBFED,고객00033,2026-01-14,2.76%,1.73%,4.49%,N
B7767EE9,고객00034,2026-04-14,2.85%,2.41%,5.26%,N
B7767EE9,고객00034,2026-01-14,2.76%,2.42%,5.18%,N
C1B57FA3,고객00035,2026-04-14,2.85%,1.68%,4.53%,N
C1B57FA3,고객00035,2026-01-14,2.76%,1.64%,4.40%,N
C1B57FA3,고객00035,2025-10-14,2.75%,1.73%,4.48%,N
C1B57FA3,고객00035,2025-07-14,2.68%,1.70%,4.38%,N
E40A4259,고객00036,2026-04-14,2.85%,1.80%,4.65%,N
E40A4259,고객00036,2026-01-14,2.76%,1.78%,4.54%,N
D505D3D9,고객00037,2026-04-14,2.85%,1.05%,3.90%,Y
DDE13381,고객00039,2026-04-14,2.85%,1.45%,4.30%,N
C327966C,고객00042,2026-04-14,2.85%,1.68%,4.53%,N
5D469177,고객00043,2026-04-14,2.85%,1.77%,4.62%,N
5D469177,고객00043,2026-01-14,2.76%,1.72%,4.48%,N
38F55A0A,고객00044,2026-04-14,2.85%,2.34%,5.19%,N
38F55A0A,고객00044,2026-01-14,2.76%,2.32%,5.08%,N
38F55A0A,고객00044,2025-10-14,2.75%,2.28%,5.03%,N
38F55A0A,고객00044,2025-07-14,2.68%,2.31%,4.99%,N
BA2D235B,고객00046,2026-04-14,2.85%,2.14%,4.99%,N
BA2D235B,고객00046,2026-01-14,2.76%,2.10%,4.86%,N
38FB9DA2,고객00047,2026-04-14,2.85%,1.20%,4.05%,Y
CF2AF345,고객00048,2026-04-14,2.85%,2.12%,4.97%,N
CF2AF345,고객00048,2026-01-14,2.76%,2.07%,4.83%,N
CF2AF345,고객00048,2025-10-14,2.75%,2.13%,4.88%,N
C2558748,고객00049,2026-04-14,2.85%,1.12%,3.97%,Y
C2558748,고객00049,2026-01-14,2.76%,1.20%,3.96%,Y
F6DAEE7B,고객00050,2026-04-14,2.85%,2.51%,5.36%,N
F6DAEE7B,고객00050,2026-01-14,2.76%,2.57%,5.33%,N
9DAF1F66,고객00051,2026-04-14,2.85%,2.43%,5.28%,N
0D0D89A4,고객00054,2026-04-14,2.85%,2.40%,5.25%,N
0D0D89A4,고객00054,2026-01-14,2.76%,2.40%,5.16%,N
683E6BC3,고객00055,2026-04-14,2.85%,1.61%,4.46%,N
683E6BC3,고객00055,2026-01-14,2.76%,1.61%,4.37%,N
E66A9007,고객00056,2026-04-14,2.85%,1.39%,4.24%,N
E66A9007,고객00056,2026-01-14,2.76%,1.37%,4.13%,N
7CDBACD2,고객00057,2026-04-14,2.85%,2.41%,5.26%,N
7CDBACD2,고객00057,2026-01-14,2.76%,2.38%,5.14%,N
9A198EE8,고객00059,2026-04-14,2.85%,1.40%,4.25%,N
9A198EE8,고객00059,2026-01-14,2.76%,1.42%,4.18%,N
9A198EE8,고객00059,2025-10-14,2.75%,1.39%,4.14%,N
9A198EE8,고객00059,2025-07-14,2.68%,1.37%,4.05%,N
5DCD2F1F,고객00060,2026-04-14,2.85%,1.31%,4.16%,N
5DCD2F1F,고객00060,2026-01-14,2.76%,1.29%,4.05%,Y
5A16A78C,고객00061,2026-04-14,2.85%,1.43%,4.28%,N
2ED37017,고객00062,2026-04-14,2.85%,1.32%,4.17%,N
BC90BAEB,고객00063,2026-04-14,2.85%,1.60%,4.45%,N
E3031DE9,고객00064,2026-04-14,2.85%,2.64%,5.49%,N
E3031DE9,고객00064,2026-01-14,2.76%,2.67%,5.43%,N
E3031DE9,고객00064,2025-10-14,2.75%,2.69%,5.44%,N
E3031DE9,고객00064,2025-07-14,2.68%,2.69%,5.37%,N
21C03FAF,고객00065,2026-04-14,2.85%,2.46%,5.31%,N
CC4F0C37,고객00067,2026-04-14,2.85%,2.84%,5.69%,N
CC4F0C37,고객00067,2026-01-14,2.76%,2.85%,5.61%,N
CC4F0C37,고객00067,2025-10-14,2.75%,2.82%,5.57%,N
FBE8E0AE,고객00068,2026-04-14,2.85%,1.74%,4.59%,N
E9CEEFB0,고객00069,2026-04-14,2.85%,1.06%,3.91%,Y
E9CEEFB0,고객00069,2026-01-14,2.76%,1.01%,3.77%,Y
3BA370C5,고객00070,2026-04-14,2.85%,1.28%,4.13%,Y
3BA370C5,고객00070,2026-01-14,2.76%,1.27%,4.03%,Y
5E32168B,고객00072,2026-04-14,2.85%,2.34%,5.19%,N
5E32168B,고객00072,2026-01-14,2.76%,2.34%,5.10%,N
5E32168B,고객00072,2025-10-14,2.75%,2.31%,5.06%,N
889CB095,고객00073,2026-04-14,2.85%,1.10%,3.95%,Y
EE3D702C,고객00074,2026-04-14,2.85%,1.42%,4.27%,N
EE3D702C,고객00074,2026-01-14,2.76%,1.43%,4.19%,N
2243E078,고객00075,2026-04-14,2.85%,2.21%,5.06%,N
2243E078,고객00075,2026-01-14,2.76%,2.17%,4.93%,N
2243E078,고객00075,2025-10-14,2.75%,2.24%,4.99%,N
5AEBD426,고객00076,2026-04-14,2.85%,2.78%,5.63%,N
1C912CFE,고객00077,2026-04-14,2.85%,1.94%,4.79%,N
1C912CFE,고객00077,2026-01-14,2.76%,1.90%,4.66%,N
1C912CFE,고객00077,2025-10-14,2.75%,1.92%,4.67%,N
1C912CFE,고객00077,2025-07-14,2.68%,1.95%,4.63%,N
85F08AEF,고객00078,2026-04-14,2.85%,2.21%,5.06%,N
85F08AEF,고객00078,2026-01-14,2.76%,2.14%,4.90%,N
85F08AEF,고객00078,2025-10-14,2.75%,2.18%,4.93%,N
85F08AEF,고객00078,2025-07-14,2.68%,2.21%,4.89%,N
45B3B62A,고객00079,2026-04-14,2.85%,1.28%,4.13%,Y
45B3B62A,고객00079,2026-01-14,2.76%,1.32%,4.08%,N
45B3B62A,고객00079,2025-10-14,2.75%,1.31%,4.06%,N
B2F1C8A2,고객00081,2026-04-14,2.85%,1.93%,4.78%,N
B2F1C8A2,고객00081,2026-01-14,2.76%,1.95%,4.71%,N
B2F1C8A2,고객00081,2025-10-14,2.75%,1.90%,4.65%,N
52D27423,고객00082,2026-04-14,2.85%,1.18%,4.03%,Y
4C4CAF4A,고객00083,2026-04-14,2.85%,2.81%,5.66%,N
4C4CAF4A,고객00083,2026-01-14,2.76%,2.82%,5.58%,N
4C4CAF4A,고객00083,2025-10-14,2.75%,2.86%,5.61%,N
4C4CAF4A,고객00083,2025-07-14,2.68%,2.81%,5.49%,N
81DBBE1D,고객00085,2026-04-14,2.85%,2.39%,5.24%,N
81DBBE1D,고객00085,2026-01-14,2.76%,2.40%,5.16%,N
81DBBE1D,고객00085,2025-10-14,2.75%,2.38%,5.13%,N
368DBD9C,고객00086,2026-04-14,2.85%,2.65%,5.50%,N
368DBD9C,고객00086,2026-01-14,2.76%,2.63%,5.39%,N
368DBD9C,고객00086,2025-10-14,2.75%,2.65%,5.40%,N
368DBD9C,고객00086,2025-07-14,2.68%,2.58%,5.26%,N
6E620D37,고객00087,2026-04-14,2.85%,1.89%,4.74%,N
6E620D37,고객00087,2026-01-14,2.76%,1.89%,4.65%,N
6E620D37,고객00087,2025-10-14,2.75%,1.93%,4.68%,N
6E620D37,고객00087,2025-07-14,2.68%,1.92%,4.60%,N
16F4CFBD,고객00088,2026-04-14,2.85%,1.10%,3.95%,Y
16F4CFBD,고객00088,2026-01-14,2.76%,1.17%,3.93%,Y
16F4CFBD,고객00088,2025-10-14,2.75%,1.11%,3.86%,Y
16F4CFBD,고객00088,2025-07-14,2.68%,1.14%,3.82%,Y
34CE2167,고객00089,2026-04-14,2.85%,2.75%,5.60%,N
34CE2167,고객00089,2026-01-14,2.76%,2.74%,5.50%,N
34CE2167,고객00089,2025-10-14,2.75%,2.73%,5.48%,N
34CE2167,고객00089,2025-07-14,2.68%,2.69%,5.37%,N
926C563A,고객00091,2026-04-14,2.85%,2.11%,4.96%,N
926C563A,고객00091,2026-01-14,2.76%,2.12%,4.88%,N
926C563A,고객00091,2025-10-14,2.75%,2.14%,4.89%,N
B5F367AD,고객00094,2026-04-14,2.85%,2.11%,4.96%,N
B5F367AD,고객00094,2026-01-14,2.76%,2.11%,4.87%,N
B5F367AD,고객00094,2025-10-14,2.75%,2.13%,4.88%,N
B5F367AD,고객00094,2025-07-14,2.68%,2.12%,4.80%,N
DFC7EF39,고객00096,2026-04-14,2.85%,1.11%,3.96%,Y
87493FDD,고객00097,2026-04-14,2.85%,1.50%,4.35%,N
2888D174,고객00098,2026-04-14,2.85%,1.20%,4.05%,Y
2888D174,고객00098,2026-01-14,2.76%,1.20%,3.96%,Y
2888D174,고객00098,2025-10-14,2.75%,1.25%,4.00%,Y
2888D174,고객00098,2025-07-14,2.68%,1.18%,3.86%,Y
94DDF826,고객00099,2026-04-14,2.85%,1.25%,4.10%,Y
94DDF826,고객00099,2026-01-14,2.76%,1.22%,3.98%,Y
94DDF826,고객00099,2025-10-14,2.75%,1.22%,3.97%,Y
AAF6D11B,고객00100,2026-04-14,2.85%,2.53%,5.38%,N
AAF6D11B,고객00100,2026-01-14,2.76%,2.61%,5.37%,N
AAF6D11B,고객00100,2025-10-14,2.75%,2.54%,5.29%,N
AAF6D11B,고객00100,2025-07-14,2.68%,2.58%,5.26%,N
8442C008,고객00101,2026-04-14,2.85%,2.10%,4.95%,N
3B21ED3B,고객00102,2026-04-14,2.85%,1.29%,4.14%,Y
4EE89F6F,고객00103,2026-04-14,2.85%,1.69%,4.54%,N
4EE89F6F,고객00103,2026-01-14,2.76%,1.78%,4.54%,N
4EE89F6F,고객00103,2025-10-14,2.75%,1.69%,4.44%,N
B402074C,고객00104,2026-04-14,2.85%,2.47%,5.32%,N
B402074C,고객00104,2026-01-14,2.76%,2.48%,5.24%,N
B402074C,고객00104,2025-10-14,2.75%,2.48%,5.23%,N
23A28E60,고객00105,2026-04-14,2.85%,2.95%,5.80%,N
23A28E60,고객00105,2026-01-14,2.76%,2.95%,5.71%,N
23A28E60,고객00105,2025-10-14,2.75%,3.00%,5.75%,N
4B405C95,고객00106,2026-04-14,2.85%,1.18%,4.03%,Y
4B405C95,고객00106,2026-01-14,2.76%,1.10%,3.86%,Y
4B405C95,고객00106,2025-10-14,2.75%,1.15%,3.90%,Y
2128BF02,고객00107,2026-04-14,2.85%,2.64%,5.49%,N
2128BF02,고객00107,2026-01-14,2.76%,2.68%,5.44%,N
2128BF02,고객00107,2025-10-14,2.75%,2.67%,5.42%,N
AC696F18,고객00108,2026-04-14,2.85%,1.39%,4.24%,N
2E6064B6,고객00109,2026-04-14,2.85%,2.80%,5.65%,N
2E6064B6,고객00109,2026-01-14,2.76%,2.79%,5.55%,N
2E6064B6,고객00109,2025-10-14,2.75%,2.83%,5.58%,N
EB7700F9,고객00110,2026-04-14,2.85%,2.88%,5.73%,N
EB7700F9,고객00110,2026-01-14,2.76%,2.86%,5.62%,N
660C0720,고객00111,2026-04-14,2.85%,2.73%,5.58%,N
660C0720,고객00111,2026-01-14,2.76%,2.77%,5.53%,N
9413EBBB,고객00112,2026-04-14,2.85%,2.44%,5.29%,N
09E92535,고객00113,2026-04-14,2.85%,2.66%,5.51%,N
09E92535,고객00113,2026-01-14,2.76%,2.69%,5.45%,N
09E92535,고객00113,2025-10-14,2.75%,2.60%,5.35%,N
E0E44440,고객00115,2026-04-14,2.85%,2.08%,4.93%,N
E0E44440,고객00115,2026-01-14,2.76%,2.02%,4.78%,N
E0E44440,고객00115,2025-10-14,2.75%,2.07%,4.82%,N
E0E44440,고객00115,2025-07-14,2.68%,2.01%,4.69%,N
4587C67D,고객00118,2026-04-14,2.85%,2.76%,5.61%,N
A2CA7090,고객00119,2026-04-14,2.85%,1.45%,4.30%,N
A2CA7090,고객00119,2026-01-14,2.76%,1.40%,4.16%,N
A2CA7090,고객00119,2025-10-14,2.75%,1.45%,4.20%,N
A2CA7090,고객00119,2025-07-14,2.68%,1.41%,4.09%,N
E47DFCE6,고객00121,2026-04-14,2.85%,1.52%,4.37%,N
E47DFCE6,고객00121,2026-01-14,2.76%,1.43%,4.19%,N
B43639AD,고객00122,2026-04-14,2.85%,1.51%,4.36%,N
B43639AD,고객00122,2026-01-14,2.76%,1.43%,4.19%,N
B43639AD,고객00122,2025-10-14,2.75%,1.48%,4.23%,N
B43639AD,고객00122,2025-07-14,2.68%,1.48%,4.16%,N
FEB8E2DD,고객00123,2026-04-14,2.85%,1.97%,4.82%,N
E31F2CC9,고객00124,2026-04-14,2.85%,2.28%,5.13%,N
E31F2CC9,고객00124,2026-01-14,2.76%,2.32%,5.08%,N
E31F2CC9,고객00124,2025-10-14,2.75%,2.28%,5.03%,N
EE869EBF,고객00126,2026-04-14,2.85%,2.94%,5.79%,N
F17F5CFB,고객00127,2026-04-14,2.85%,1.78%,4.63%,N
F17F5CFB,고객00127,2026-01-14,2.76%,1.76%,4.52%,N
F17F5CFB,고객00127,2025-10-14,2.75%,1.80%,4.55%,N
F17F5CFB,고객00127,2025-07-14,2.68%,1.84%,4.52%,N
76007ED8,고객00128,2026-04-14,2.85%,1.66%,4.51%,N
76007ED8,고객00128,2026-01-14,2.76%,1.66%,4.42%,N
76007ED8,고객00128,2025-10-14,2.75%,1.66%,4.41%,N
76007ED8,고객00128,2025-07-14,2.68%,1.68%,4.36%,N
C1238395,고객00129,2026-04-14,2.85%,2.03%,4.88%,N
66ACCE13,고객00130,2026-04-14,2.85%,2.62%,5.47%,N
66ACCE13,고객00130,2026-01-14,2.76%,2.63%,5.39%,N
E289331C,고객00131,2026-04-14,2.85%,1.87%,4.72%,N
E289331C,고객00131,2026-01-14,2.76%,1.85%,4.61%,N
E289331C,고객00131,2025-10-14,2.75%,1.90%,4.65%,N
E289331C,고객00131,2025-07-14,2.68%,1.84%,4.52%,N
E4D5C16E,고객00132,2026-04-14,2.85%,2.12%,4.97%,N
483FB84C,고객00133,2026-04-14,2.85%,2.05%,4.90%,N
483FB84C,고객00133,2026-01-14,2.76%,2.12%,4.88%,N
483FB84C,고객00133,2025-10-14,2.75%,2.05%,4.80%,N
483FB84C,고객00133,2025-07-14,2.68%,2.12%,4.80%,N
88A9D80D,고객00134,2026-04-14,2.85%,2.42%,5.27%,N
88A9D80D,고객00134,2026-01-14,2.76%,2.43%,5.19%,N
88A9D80D,고객00134,2025-10-14,2.75%,2.46%,5.21%,N
2CAFFEDE,고객00136,2026-04-14,2.85%,1.22%,4.07%,Y
2CAFFEDE,고객00136,2026-01-14,2.76%,1.23%,3.99%,Y
2CAFFEDE,고객00136,2025-10-14,2.75%,1.23%,3.98%,Y
2CAFFEDE,고객00136,2025-07-14,2.68%,1.19%,3.87%,Y
9FC579AA,고객00138,2026-04-14,2.85%,2.63%,5.48%,N
9FC579AA,고객00138,2026-01-14,2.76%,2.63%,5.39%,N
9FC579AA,고객00138,2025-10-14,2.75%,2.66%,5.41%,N
9FC579AA,고객00138,2025-07-14,2.68%,2.66%,5.34%,N
517726E0,고객00140,2026-04-14,2.85%,2.16%,5.01%,N
517726E0,고객00140,2026-01-14,2.76%,2.21%,4.97%,N
517726E0,고객00140,2025-10-14,2.75%,2.21%,4.96%,N
517726E0,고객00140,2025-07-14,2.68%,2.14%,4.82%,N
9B1D220E,고객00143,2026-04-14,2.85%,1.32%,4.17%,N
9B1D220E,고객00143,2026-01-14,2.76%,1.40%,4.16%,N
9B1D220E,고객00143,2025-10-14,2.75%,1.41%,4.16%,N
3FCA46ED,고객00144,2026-04-14,2.85%,1.09%,3.94%,Y
3FCA46ED,고객00144,2026-01-14,2.76%,1.02%,3.78%,Y
3FCA46ED,고객00144,2025-10-14,2.75%,1.06%,3.81%,Y
0B8CE7A9,고객00145,2026-04-14,2.85%,1.07%,3.92%,Y
0B8CE7A9,고객00145,2026-01-14,2.76%,1.01%,3.77%,Y
ACFC5429,고객00148,2026-04-14,2.85%,2.07%,4.92%,N
ACFC5429,고객00148,2026-01-14,2.76%,2.11%,4.87%,N
ACFC5429,고객00148,2025-10-14,2.75%,2.07%,4.82%,N
96FD4D28,고객00149,2026-04-14,2.85%,1.35%,4.20%,N
96FD4D28,고객00149,2026-01-14,2.76%,1.33%,4.09%,N
96FD4D28,고객00149,2025-10-14,2.75%,1.36%,4.11%,N
96FD4D28,고객00149,2025-07-14,2.68%,1.33%,4.01%,N
99CA5E3C,고객00150,2026-04-14,2.85%,1.27%,4.12%,Y
770E92F1,고객00152,2026-04-14,2.85%,1.18%,4.03%,Y
37D8AA10,고객00154,2026-04-14,2.85%,2.61%,5.46%,N
37D8AA10,고객00154,2026-01-14,2.76%,2.58%,5.34%,N
37D8AA10,고객00154,2025-10-14,2.75%,2.60%,5.35%,N
95C6AC43,고객00155,2026-04-14,2.85%,2.36%,5.21%,N
95C6AC43,고객00155,2026-01-14,2.76%,2.34%,5.10%,N
0108861D,고객00156,2026-04-14,2.85%,2.48%,5.33%,N
0108861D,고객00156,2026-01-14,2.76%,2.43%,5.19%,N
0108861D,고객00156,2025-10-14,2.75%,2.51%,5.26%,N
0108861D,고객00156,2025-07-14,2.68%,2.45%,5.13%,N
B8F0007B,고객00157,2026-04-14,2.85%,1.39%,4.24%,N
B8F0007B,고객00157,2026-01-14,2.76%,1.30%,4.06%,N
B8F0007B,고객00157,2025-10-14,2.75%,1.36%,4.11%,N
B8F0007B,고객00157,2025-07-14,2.68%,1.30%,3.98%,Y
AA9C95B9,고객00158,2026-04-14,2.85%,1.48%,4.33%,N
AA9C95B9,고객00158,2026-01-14,2.76%,1.45%,4.21%,N
AA9C95B9,고객00158,2025-10-14,2.75%,1.45%,4.20%,N
4DC4C044,고객00159,2026-04-14,2.85%,1.39%,4.24%,N
4DC4C044,고객00159,2026-01-14,2.76%,1.39%,4.15%,N
4DC4C044,고객00159,2025-10-14,2.75%,1.41%,4.16%,N
AF5421E9,고객00160,2026-04-14,2.85%,2.89%,5.74%,N
0C07D7B0,고객00161,2026-04-14,2.85%,2.33%,5.18%,N
0C07D7B0,고객00161,2026-01-14,2.76%,2.29%,5.05%,N
0A536535,고객00162,2026-04-14,2.85%,2.94%,5.79%,N
0A536535,고객00162,2026-01-14,2.76%,2.97%,5.73%,N
0A536535,고객00162,2025-10-14,2.75%,2.97%,5.72%,N
0A536535,고객00162,2025-07-14,2.68%,3.00%,5.68%,N
75953B1E,고객00163,2026-04-14,2.85%,1.50%,4.35%,N
75953B1E,고객00163,2026-01-14,2.76%,1.58%,4.34%,N
75953B1E,고객00163,2025-10-14,2.75%,1.60%,4.35%,N
CB1E4B9C,고객00165,2026-04-14,2.85%,2.19%,5.04%,N
CB1E4B9C,고객00165,2026-01-14,2.76%,2.17%,4.93%,N
CB1E4B9C,고객00165,2025-10-14,2.75%,2.17%,4.92%,N
CB1E4B9C,고객00165,2025-07-14,2.68%,2.17%,4.85%,N
5ACEA398,고객00168,2026-04-14,2.85%,1.72%,4.57%,N
5ACEA398,고객00168,2026-01-14,2.76%,1.70%,4.46%,N
5ACEA398,고객00168,2025-10-14,2.75%,1.71%,4.46%,N
EA8241D7,고객00169,2026-04-14,2.85%,2.35%,5.20%,N
EA8241D7,고객00169,2026-01-14,2.76%,2.34%,5.10%,N
CAC4CB0D,고객00170,2026-04-14,2.85%,1.35%,4.20%,N
CAC4CB0D,고객00170,2026-01-14,2.76%,1.36%,4.12%,N
AC5914D6,고객00171,2026-04-14,2.85%,1.60%,4.45%,N
AC5914D6,고객00171,2026-01-14,2.76%,1.61%,4.37%,N
BEAFB825,고객00172,2026-04-14,2.85%,2.66%,5.51%,N
BEAFB825,고객00172,2026-01-14,2.76%,2.63%,5.39%,N
BEAFB825,고객00172,2025-10-14,2.75%,2.59%,5.34%,N
BEAFB825,고객00172,2025-07-14,2.68%,2.63%,5.31%,N
CE030B88,고객00174,2026-04-14,2.85%,2.57%,5.42%,N
BEDCA2E1,고객00178,2026-04-14,2.85%,2.47%,5.32%,N
A3D1D251,고객00179,2026-04-14,2.85%,2.12%,4.97%,N
A3D1D251,고객00179,2026-01-14,2.76%,2.07%,4.83%,N
A3D1D251,고객00179,2025-10-14,2.75%,2.10%,4.85%,N
295D87B7,고객00180,2026-04-14,2.85%,1.83%,4.68%,N
A7E8F67F,고객00181,2026-04-14,2.85%,1.28%,4.13%,Y
A7E8F67F,고객00181,2026-01-14,2.76%,1.26%,4.02%,Y
A7E8F67F,고객00181,2025-10-14,2.75%,1.27%,4.02%,Y
9DF41985,고객00182,2026-04-14,2.85%,2.69%,5.54%,N
96E9D8C8,고객00183,2026-04-14,2.85%,1.91%,4.76%,N
96E9D8C8,고객00183,2026-01-14,2.76%,1.88%,4.64%,N
96E9D8C8,고객00183,2025-10-14,2.75%,1.94%,4.69%,N
87CE3162,고객00184,2026-04-14,2.85%,2.34%,5.19%,N
87CE3162,고객00184,2026-01-14,2.76%,2.37%,5.13%,N
87CE3162,고객00184,2025-10-14,2.75%,2.35%,5.10%,N
87CE3162,고객00184,2025-07-14,2.68%,2.43%,5.11%,N
57D7610B,고객00185,2026-04-14,2.85%,2.85%,5.70%,N
57D7610B,고객00185,2026-01-14,2.76%,2.92%,5.68%,N
57D7610B,고객00185,2025-10-14,2.75%,2.92%,5.67%,N
57D7610B,고객00185,2025-07-14,2.68%,2.87%,5.55%,N
40BF35D5,고객00186,2026-04-14,2.85%,2.53%,5.38%,N
2E1EAF45,고객00187,2026-04-14,2.85%,1.89%,4.74%,N
2E1EAF45,고객00187,2026-01-14,2.76%,1.84%,4.60%,N
111179E9,고객00188,2026-04-14,2.85%,1.82%,4.67%,N
3DA5A2DF,고객00189,2026-04-14,2.85%,2.99%,5.84%,N
3DA5A2DF,고객00189,2026-01-14,2.76%,2.95%,5.71%,N
B1B95C37,고객00191,2026-04-14,2.85%,1.89%,4.74%,N
B1B95C37,고객00191,2026-01-14,2.76%,1.93%,4.69%,N
B1B95C37,고객00191,2025-10-14,2.75%,1.93%,4.68%,N
B1B95C37,고객00191,2025-07-14,2.68%,1.92%,4.60%,N
B1DBD5DD,고객00192,2026-04-14,2.85%,2.39%,5.24%,N
B1DBD5DD,고객00192,2026-01-14,2.76%,2.36%,5.12%,N
B1DBD5DD,고객00192,2025-10-14,2.75%,2.37%,5.12%,N
B1DBD5DD,고객00192,2025-07-14,2.68%,2.43%,5.11%,N
5DA7C4B9,고객00193,2026-04-14,2.85%,2.51%,5.36%,N
1B54F626,고객00194,2026-04-14,2.85%,1.56%,4.41%,N
1B54F626,고객00194,2026-01-14,2.76%,1.61%,4.37%,N
54BF0D5C,고객00195,2026-04-14,2.85%,2.85%,5.70%,N
CFA3BC12,고객00196,2026-04-14,2.85%,1.13%,3.98%,Y
092B340D,고객00199,2026-04-14,2.85%,1.30%,4.15%,N
25DC6E21,고객00200,2026-04-14,2.85%,1.87%,4.72%,N
25DC6E21,고객00200,2026-01-14,2.76%,1.90%,4.66%,N
25DC6E21,고객00200,2025-10-14,2.75%,1.94%,4.69%,N
25DC6E21,고객00200,2025-07-14,2.68%,1.90%,4.58%,N
4DED39C9,고객00201,2026-04-14,2.85%,2.06%,4.91%,N
4DED39C9,고객00201,2026-01-14,2.76%,1.99%,4.75%,N
377DFDEE,고객00202,2026-04-14,2.85%,2.82%,5.67%,N
377DFDEE,고객00202,2026-01-14,2.76%,2.84%,5.60%,N
377DFDEE,고객00202,2025-10-14,2.75%,2.80%,5.55%,N
19F1354C,고객00203,2026-04-14,2.85%,2.87%,5.72%,N
19F1354C,고객00203,2026-01-14,2.76%,2.88%,5.64%,N
19F1354C,고객00203,2025-10-14,2.75%,2.89%,5.64%,N
19F1354C,고객00203,2025-07-14,2.68%,2.90%,5.58%,N
055EC404,고객00204,2026-04-14,2.85%,2.11%,4.96%,N
055EC404,고객00204,2026-01-14,2.76%,2.14%,4.90%,N
319FB389,고객00207,2026-04-14,2.85%,2.47%,5.32%,N
3F1B31A1,고객00209,2026-04-14,2.85%,1.31%,4.16%,N
3F1B31A1,고객00209,2026-01-14,2.76%,1.25%,4.01%,Y
944AB83E,고객00210,2026-04-14,2.85%,1.33%,4.18%,N
944AB83E,고객00210,2026-01-14,2.76%,1.35%,4.11%,N
8247498A,고객00212,2026-04-14,2.85%,2.08%,4.93%,N
8247498A,고객00212,2026-01-14,2.76%,2.09%,4.85%,N
2A6A941B,고객00214,2026-04-14,2.85%,1.85%,4.70%,N
2A6A941B,고객00214,2026-01-14,2.76%,1.87%,4.63%,N
6DD84480,고객00215,2026-04-14,2.85%,2.06%,4.91%,N
6DD84480,고객00215,2026-01-14,2.76%,2.04%,4.80%,N
6DD84480,고객00215,2025-10-14,2.75%,2.11%,4.86%,N
6DD84480,고객00215,2025-07-14,2.68%,2.11%,4.79%,N
095E48C1,고객00216,2026-04-14,2.85%,2.96%,5.81%,N
095E48C1,고객00216,2026-01-14,2.76%,2.89%,5.65%,N
4ADB26EA,고객00217,2026-04-14,2.85%,1.80%,4.65%,N
78314C4A,고객00220,2026-04-14,2.85%,2.26%,5.11%,N
9E85E64D,고객00222,2026-04-14,2.85%,2.75%,5.60%,N
7DAF33E5,고객00223,2026-04-14,2.85%,1.41%,4.26%,N
7DAF33E5,고객00223,2026-01-14,2.76%,1.36%,4.12%,N
7DAF33E5,고객00223,2025-10-14,2.75%,1.33%,4.08%,N
E025A38A,고객00225,2026-04-14,2.85%,2.74%,5.59%,N
79574AED,고객00226,2026-04-14,2.85%,2.29%,5.14%,N
79574AED,고객00226,2026-01-14,2.76%,2.29%,5.05%,N
79574AED,고객00226,2025-10-14,2.75%,2.26%,5.01%,N
79574AED,고객00226,2025-07-14,2.68%,2.27%,4.95%,N
20624E6C,고객00227,2026-04-14,2.85%,2.46%,5.31%,N
9F1A72CF,고객00228,2026-04-14,2.85%,1.94%,4.79%,N
DCB6B6F3,고객00229,2026-04-14,2.85%,2.91%,5.76%,N
BC2F237C,고객00230,2026-04-14,2.85%,2.22%,5.07%,N
BC2F237C,고객00230,2026-01-14,2.76%,2.14%,4.90%,N
BC2F237C,고객00230,2025-10-14,2.75%,2.14%,4.89%,N
F438A758,고객00231,2026-04-14,2.85%,2.28%,5.13%,N
DC21E5AB,고객00233,2026-04-14,2.85%,2.25%,5.10%,N
DC21E5AB,고객00233,2026-01-14,2.76%,2.28%,5.04%,N
DC21E5AB,고객00233,2025-10-14,2.75%,2.23%,4.98%,N
786A554C,고객00234,2026-04-14,2.85%,2.04%,4.89%,N
786A554C,고객00234,2026-01-14,2.76%,2.04%,4.80%,N
35C1691A,고객00235,2026-04-14,2.85%,2.99%,5.84%,N
A1F0CF0F,고객00236,2026-04-14,2.85%,1.44%,4.29%,N
A1F0CF0F,고객00236,2026-01-14,2.76%,1.45%,4.21%,N
A1F0CF0F,고객00236,2025-10-14,2.75%,1.37%,4.12%,N
89DB9CA2,고객00237,2026-04-14,2.85%,2.68%,5.53%,N
8C5A038E,고객00238,2026-04-14,2.85%,1.38%,4.23%,N
077D88F3,고객00239,2026-04-14,2.85%,1.40%,4.25%,N
B3B7260D,고객00240,2026-04-14,2.85%,2.95%,5.80%,N
B3B7260D,고객00240,2026-01-14,2.76%,3.00%,5.76%,N
B3B7260D,고객00240,2025-10-14,2.75%,3.00%,5.75%,N
DADD8ECF,고객00241,2026-04-14,2.85%,2.21%,5.06%,N
DADD8ECF,고객00241,2026-01-14,2.76%,2.21%,4.97%,N
DADD8ECF,고객00241,2025-10-14,2.75%,2.19%,4.94%,N
77331455,고객00242,2026-04-14,2.85%,2.02%,4.87%,N
69EEDECD,고객00244,2026-04-14,2.85%,2.35%,5.20%,N
69EEDECD,고객00244,2026-01-14,2.76%,2.33%,5.09%,N
69EEDECD,고객00244,2025-10-14,2.75%,2.38%,5.13%,N
69EEDECD,고객00244,2025-07-14,2.68%,2.37%,5.05%,N
779EC12E,고객00246,2026-04-14,2.85%,1.18%,4.03%,Y
779EC12E,고객00246,2026-01-14,2.76%,1.16%,3.92%,Y
779EC12E,고객00246,2025-10-14,2.75%,1.19%,3.94%,Y
779EC12E,고객00246,2025-07-14,2.68%,1.17%,3.85%,Y
68971A16,고객00247,2026-04-14,2.85%,1.95%,4.80%,N
68971A16,고객00247,2026-01-14,2.76%,1.95%,4.71%,N
68971A16,고객00247,2025-10-14,2.75%,1.94%,4.69%,N
C0A32723,고객00248,2026-04-14,2.85%,1.84%,4.69%,N
C0A32723,고객00248,2026-01-14,2.76%,1.86%,4.62%,N
C0A32723,고객00248,2025-10-14,2.75%,1.87%,4.62%,N
C0A32723,고객00248,2025-07-14,2.68%,1.85%,4.53%,N
BAA94202,고객00249,2026-04-14,2.85%,1.33%,4.18%,N
63A0BEFD,고객00250,2026-04-14,2.85%,2.35%,5.20%,N
63A0BEFD,고객00250,2026-01-14,2.76%,2.38%,5.14%,N
63A0BEFD,고객00250,2025-10-14,2.75%,2.37%,5.12%,N
63A0BEFD,고객00250,2025-07-14,2.68%,2.36%,5.04%,N
156A453E,고객00251,2026-04-14,2.85%,1.95%,4.80%,N
156A453E,고객00251,2026-01-14,2.76%,2.03%,4.79%,N
156A453E,고객00251,2025-10-14,2.75%,2.03%,4.78%,N
1B3364DB,고객00252,2026-04-14,2.85%,1.47%,4.32%,N
AB9B856E,고객00253,2026-04-14,2.85%,2.88%,5.73%,N
AB9B856E,고객00253,2026-01-14,2.76%,2.93%,5.69%,N
AB9B856E,고객00253,2025-10-14,2.75%,2.93%,5.68%,N
69B20E4D,고객00254,2026-04-14,2.85%,2.11%,4.96%,N
69B20E4D,고객00254,2026-01-14,2.76%,2.17%,4.93%,N
5C577210,고객00255,2026-04-14,2.85%,2.00%,4.85%,N
5C577210,고객00255,2026-01-14,2.76%,1.99%,4.75%,N
5C577210,고객00255,2025-10-14,2.75%,1.95%,4.70%,N
5C577210,고객00255,2025-07-14,2.68%,1.96%,4.64%,N
4BEDB176,고객00256,2026-04-14,2.85%,1.87%,4.72%,N
4BEDB176,고객00256,2026-01-14,2.76%,1.87%,4.63%,N
4BEDB176,고객00256,2025-10-14,2.75%,1.88%,4.63%,N
4BEDB176,고객00256,2025-07-14,2.68%,1.87%,4.55%,N
F8E14CE4,고객00257,2026-04-14,2.85%,1.70%,4.55%,N
F8E14CE4,고객00257,2026-01-14,2.76%,1.67%,4.43%,N
30509C45,고객00260,2026-04-14,2.85%,1.19%,4.04%,Y
30509C45,고객00260,2026-01-14,2.76%,1.10%,3.86%,Y
30509C45,고객00260,2025-10-14,2.75%,1.13%,3.88%,Y
30509C45,고객00260,2025-07-14,2.68%,1.15%,3.83%,Y
21B1E112,고객00261,2026-04-14,2.85%,2.42%,5.27%,N
308307EA,고객00262,2026-04-14,2.85%,1.45%,4.30%,N
308307EA,고객00262,2026-01-14,2.76%,1.41%,4.17%,N
308307EA,고객00262,2025-10-14,2.75%,1.49%,4.24%,N
308307EA,고객00262,2025-07-14,2.68%,1.44%,4.12%,N
E2ABA70C,고객00263,2026-04-14,2.85%,2.03%,4.88%,N
E2ABA70C,고객00263,2026-01-14,2.76%,2.04%,4.80%,N
E2ABA70C,고객00263,2025-10-14,2.75%,2.00%,4.75%,N
E2ABA70C,고객00263,2025-07-14,2.68%,1.99%,4.67%,N
88C769F6,고객00264,2026-04-14,2.85%,2.64%,5.49%,N
CFB1B8FB,고객00265,2026-04-14,2.85%,1.34%,4.19%,N
CFB1B8FB,고객00265,2026-01-14,2.76%,1.31%,4.07%,N
CFB1B8FB,고객00265,2025-10-14,2.75%,1.28%,4.03%,Y
94D031EA,고객00267,2026-04-14,2.85%,2.30%,5.15%,N
2C6959EB,고객00269,2026-04-14,2.85%,1.66%,4.51%,N
2C6959EB,고객00269,2026-01-14,2.76%,1.66%,4.42%,N
2C6959EB,고객00269,2025-10-14,2.75%,1.70%,4.45%,N
78526EAB,고객00270,2026-04-14,2.85%,2.05%,4.90%,N
301EB615,고객00271,2026-04-14,2.85%,2.17%,5.02%,N
301EB615,고객00271,2026-01-14,2.76%,2.19%,4.95%,N
93BCD6BA,고객00272,2026-04-14,2.85%,2.53%,5.38%,N
93BCD6BA,고객00272,2026-01-14,2.76%,2.50%,5.26%,N
93BCD6BA,고객00272,2025-10-14,2.75%,2.49%,5.24%,N
93BCD6BA,고객00272,2025-07-14,2.68%,2.52%,5.20%,N
67086729,고객00273,2026-04-14,2.85%,1.79%,4.64%,N
67086729,고객00273,2026-01-14,2.76%,1.88%,4.64%,N
67086729,고객00273,2025-10-14,2.75%,1.85%,4.60%,N
67086729,고객00273,2025-07-14,2.68%,1.84%,4.52%,N
B014D126,고객00274,2026-04-14,2.85%,2.49%,5.34%,N
45489FF6,고객00275,2026-04-14,2.85%,2.16%,5.01%,N
45489FF6,고객00275,2026-01-14,2.76%,2.14%,4.90%,N
45489FF6,고객00275,2025-10-14,2.75%,2.11%,4.86%,N
45489FF6,고객00275,2025-07-14,2.68%,2.11%,4.79%,N
9DC7ABA9,고객00277,2026-04-14,2.85%,1.13%,3.98%,Y
9DC7ABA9,고객00277,2026-01-14,2.76%,1.15%,3.91%,Y
5588DCCD,고객00278,2026-04-14,2.85%,2.07%,4.92%,N
5588DCCD,고객00278,2026-01-14,2.76%,2.03%,4.79%,N
C154B9CF,고객00281,2026-04-14,2.85%,2.59%,5.44%,N
C154B9CF,고객00281,2026-01-14,2.76%,2.55%,5.31%,N
C154B9CF,고객00281,2025-10-14,2.75%,2.59%,5.34%,N
C154B9CF,고객00281,2025-07-14,2.68%,2.60%,5.28%,N
244C5D53,고객00282,2026-04-14,2.85%,2.85%,5.70%,N
36DE9177,고객00283,2026-04-14,2.85%,2.58%,5.43%,N
36DE9177,고객00283,2026-01-14,2.76%,2.62%,5.38%,N
17FE4F4C,고객00284,2026-04-14,2.85%,2.40%,5.25%,N
17FE4F4C,고객00284,2026-01-14,2.76%,2.38%,5.14%,N
D38670EB,고객00286,2026-04-14,2.85%,1.56%,4.41%,N
6F8C5D7A,고객00287,2026-04-14,2.85%,2.25%,5.10%,N
C3C733F8,고객00288,2026-04-14,2.85%,2.03%,4.88%,N
C3C733F8,고객00288,2026-01-14,2.76%,2.02%,4.78%,N
C3C733F8,고객00288,2025-10-14,2.75%,2.04%,4.79%,N
C3C733F8,고객00288,2025-07-14,2.68%,2.01%,4.69%,N
A9B7DE4C,고객00290,2026-04-14,2.85%,1.93%,4.78%,N
A9B7DE4C,고객00290,2026-01-14,2.76%,1.87%,4.63%,N
A9B7DE4C,고객00290,2025-10-14,2.75%,1.95%,4.70%,N
25671086,고객00291,2026-04-14,2.85%,1.07%,3.92%,Y
25671086,고객00291,2026-01-14,2.76%,1.00%,3.76%,Y
25671086,고객00291,2025-10-14,2.75%,1.06%,3.81%,Y
25671086,고객00291,2025-07-14,2.68%,1.07%,3.75%,Y
598BFA72,고객00292,2026-04-14,2.85%,2.76%,5.61%,N
598BFA72,고객00292,2026-01-14,2.76%,2.66%,5.42%,N
598BFA72,고객00292,2025-10-14,2.75%,2.69%,5.44%,N
598BFA72,고객00292,2025-07-14,2.68%,2.72%,5.40%,N
CA5E14AD,고객00294,2026-04-14,2.85%,1.15%,4.00%,Y
CA5E14AD,고객00294,2026-01-14,2.76%,1.17%,3.93%,Y
98DBE509,고객00297,2026-04-14,2.85%,1.94%,4.79%,N
98DBE509,고객00297,2026-01-14,2.76%,1.94%,4.70%,N
98DBE509,고객00297,2025-10-14,2.75%,1.93%,4.68%,N
98DBE509,고객00297,2025-07-14,2.68%,1.88%,4.56%,N
E94B775B,고객00298,2026-04-14,2.85%,2.08%,4.93%,N
E94B775B,고객00298,2026-01-14,2.76%,2.09%,4.85%,N
E94B775B,고객00298,2025-10-14,2.75%,2.14%,4.89%,N
62B5A578,고객00299,2026-04-14,2.85%,1.61%,4.46%,N
D31E866F,고객00300,2026-04-14,2.85%,1.13%,3.98%,Y
D31E866F,고객00300,2026-01-14,2.76%,1.14%,3.90%,Y
D31E866F,고객00300,2025-10-14,2.75%,1.12%,3.87%,Y
D31E866F,고객00300,2025-07-14,2.68%,1.15%,3.83%,Y
7B079EB9,고객00302,2026-04-14,2.85%,1.49%,4.34%,N
05A74DD4,고객00303,2026-04-14,2.85%,1.82%,4.67%,N
05A74DD4,고객00303,2026-01-14,2.76%,1.84%,4.60%,N
05A74DD4,고객00303,2025-10-14,2.75%,1.85%,4.60%,N
05A74DD4,고객00303,2025-07-14,2.68%,1.85%,4.53%,N
D21CFA1A,고객00304,2026-04-14,2.85%,1.47%,4.32%,N
D21CFA1A,고객00304,2026-01-14,2.76%,1.51%,4.27%,N
D21CFA1A,고객00304,2025-10-14,2.75%,1.53%,4.28%,N
47D0CB17,고객00305,2026-04-14,2.85%,1.78%,4.63%,N
47D0CB17,고객00305,2026-01-14,2.76%,1.72%,4.48%,N
5BAAAF75,고객00306,2026-04-14,2.85%,1.26%,4.11%,Y
E7B53E1B,고객00307,2026-04-14,2.85%,2.85%,5.70%,N
E7B53E1B,고객00307,2026-01-14,2.76%,2.84%,5.60%,N
E7B53E1B,고객00307,2025-10-14,2.75%,2.78%,5.53%,N
B556893D,고객00309,2026-04-14,2.85%,1.66%,4.51%,N
B556893D,고객00309,2026-01-14,2.76%,1.70%,4.46%,N
B556893D,고객00309,2025-10-14,2.75%,1.72%,4.47%,N
09B07DBD,고객00311,2026-04-14,2.85%,2.77%,5.62%,N
09B07DBD,고객00311,2026-01-14,2.76%,2.84%,5.60%,N
D4887D8F,고객00313,2026-04-14,2.85%,1.49%,4.34%,N
CE1BD0A1,고객00314,2026-04-14,2.85%,2.24%,5.09%,N
CE1BD0A1,고객00314,2026-01-14,2.76%,2.20%,4.96%,N
C753719B,고객00315,2026-04-14,2.85%,2.06%,4.91%,N
C753719B,고객00315,2026-01-14,2.76%,2.10%,4.86%,N
C753719B,고객00315,2025-10-14,2.75%,2.08%,4.83%,N
259F7D09,고객00316,2026-04-14,2.85%,2.00%,4.85%,N
259F7D09,고객00316,2026-01-14,2.76%,1.95%,4.71%,N
259F7D09,고객00316,2025-10-14,2.75%,1.97%,4.72%,N
259F7D09,고객00316,2025-07-14,2.68%,1.96%,4.64%,N
534D69EF,고객00317,2026-04-14,2.85%,1.86%,4.71%,N
915040F3,고객00318,2026-04-14,2.85%,2.27%,5.12%,N
44761AA7,고객00320,2026-04-14,2.85%,1.72%,4.57%,N
44761AA7,고객00320,2026-01-14,2.76%,1.77%,4.53%,N
36726A7D,고객00322,2026-04-14,2.85%,1.81%,4.66%,N
26D2D81E,고객00323,2026-04-14,2.85%,2.01%,4.86%,N
26D2D81E,고객00323,2026-01-14,2.76%,2.02%,4.78%,N
26D2D81E,고객00323,2025-10-14,2.75%,2.01%,4.76%,N
DB2358B1,고객00324,2026-04-14,2.85%,1.29%,4.14%,Y
DB2358B1,고객00324,2026-01-14,2.76%,1.28%,4.04%,Y
DB2358B1,고객00324,2025-10-14,2.75%,1.35%,4.10%,N
8857F6D0,고객00325,2026-04-14,2.85%,2.60%,5.45%,N
790C3F22,고객00326,2026-04-14,2.85%,2.89%,5.74%,N
790C3F22,고객00326,2026-01-14,2.76%,2.90%,5.66%,N
790C3F22,고객00326,2025-10-14,2.75%,2.91%,5.66%,N
790C3F22,고객00326,2025-07-14,2.68%,2.94%,5.62%,N
E2E7FD73,고객00327,2026-04-14,2.85%,2.18%,5.03%,N
E2E7FD73,고객00327,2026-01-14,2.76%,2.20%,4.96%,N
E2E7FD73,고객00327,2025-10-14,2.75%,2.21%,4.96%,N
494F1474,고객00328,2026-04-14,2.85%,1.86%,4.71%,N
494F1474,고객00328,2026-01-14,2.76%,1.86%,4.62%,N
16B49A85,고객00331,2026-04-14,2.85%,2.08%,4.93%,N
16B49A85,고객00331,2026-01-14,2.76%,2.08%,4.84%,N
16B49A85,고객00331,2025-10-14,2.75%,2.08%,4.83%,N
16B49A85,고객00331,2025-07-14,2.68%,2.03%,4.71%,N
0E117845,고객00332,2026-04-14,2.85%,2.45%,5.30%,N
0E117845,고객00332,2026-01-14,2.76%,2.43%,5.19%,N
0E117845,고객00332,2025-10-14,2.75%,2.35%,5.10%,N
31F080EE,고객00333,2026-04-14,2.85%,2.52%,5.37%,N
31F080EE,고객00333,2026-01-14,2.76%,2.54%,5.30%,N
31F080EE,고객00333,2025-10-14,2.75%,2.50%,5.25%,N
31F080EE,고객00333,2025-07-14,2.68%,2.58%,5.26%,N
A4BCAD90,고객00334,2026-04-14,2.85%,1.55%,4.40%,N
A4BCAD90,고객00334,2026-01-14,2.76%,1.60%,4.36%,N
A4BCAD90,고객00334,2025-10-14,2.75%,1.62%,4.37%,N
2D7276B0,고객00335,2026-04-14,2.85%,1.09%,3.94%,Y
2D7276B0,고객00335,2026-01-14,2.76%,1.10%,3.86%,Y
2D7276B0,고객00335,2025-10-14,2.75%,1.11%,3.86%,Y
2D7276B0,고객00335,2025-07-14,2.68%,1.10%,3.78%,Y
3C014BB2,고객00336,2026-04-14,2.85%,2.04%,4.89%,N
884D84C5,고객00337,2026-04-14,2.85%,1.01%,3.86%,Y
884D84C5,고객00337,2026-01-14,2.76%,1.00%,3.76%,Y
BC4AB753,고객00338,2026-04-14,2.85%,2.18%,5.03%,N
BC4AB753,고객00338,2026-01-14,2.76%,2.19%,4.95%,N
BC4AB753,고객00338,2025-10-14,2.75%,2.22%,4.97%,N
BC4AB753,고객00338,2025-07-14,2.68%,2.24%,4.92%,N
0191F5D1,고객00339,2026-04-14,2.85%,1.80%,4.65%,N
0191F5D1,고객00339,2026-01-14,2.76%,1.80%,4.56%,N
0191F5D1,고객00339,2025-10-14,2.75%,1.72%,4.47%,N
0191F5D1,고객00339,2025-07-14,2.68%,1.78%,4.46%,N
F4A264CE,고객00340,2026-04-14,2.85%,1.84%,4.69%,N
F4A264CE,고객00340,2026-01-14,2.76%,1.77%,4.53%,N
F4A264CE,고객00340,2025-10-14,2.75%,1.84%,4.59%,N
F4A264CE,고객00340,2025-07-14,2.68%,1.80%,4.48%,N
C6B7D24A,고객00341,2026-04-14,2.85%,2.97%,5.82%,N
75760CFD,고객00342,2026-04-14,2.85%,2.54%,5.39%,N
75760CFD,고객00342,2026-01-14,2.76%,2.58%,5.34%,N
75760CFD,고객00342,2025-10-14,2.75%,2.52%,5.27%,N
677BFAAA,고객00343,2026-04-14,2.85%,2.35%,5.20%,N
677BFAAA,고객00343,2026-01-14,2.76%,2.37%,5.13%,N
6B1A5A1B,고객00344,2026-04-14,2.85%,2.53%,5.38%,N
233E86DF,고객00345,2026-04-14,2.85%,2.73%,5.58%,N
233E86DF,고객00345,2026-01-14,2.76%,2.73%,5.49%,N
ACF6593F,고객00347,2026-04-14,2.85%,2.82%,5.67%,N
ACF6593F,고객00347,2026-01-14,2.76%,2.83%,5.59%,N
ACF6593F,고객00347,2025-10-14,2.75%,2.78%,5.53%,N
A32D88E5,고객00348,2026-04-14,2.85%,2.69%,5.54%,N
A32D88E5,고객00348,2026-01-14,2.76%,2.68%,5.44%,N
A32D88E5,고객00348,2025-10-14,2.75%,2.75%,5.50%,N
FDEDD98E,고객00349,2026-04-14,2.85%,1.32%,4.17%,N
FDEDD98E,고객00349,2026-01-14,2.76%,1.37%,4.13%,N
FDEDD98E,고객00349,2025-10-14,2.75%,1.33%,4.08%,N
FDEDD98E,고객00349,2025-07-14,2.68%,1.34%,4.02%,N
B7DEE945,고객00350,2026-04-14,2.85%,2.49%,5.34%,N
B7DEE945,고객00350,2026-01-14,2.76%,2.45%,5.21%,N
B7DEE945,고객00350,2025-10-14,2.75%,2.51%,5.26%,N
B7DEE945,고객00350,2025-07-14,2.68%,2.51%,5.19%,N
7142A465,고객00352,2026-04-14,2.85%,2.07%,4.92%,N
7142A465,고객00352,2026-01-14,2.76%,2.09%,4.85%,N
7142A465,고객00352,2025-10-14,2.75%,2.15%,4.90%,N
982A7810,고객00353,2026-04-14,2.85%,2.51%,5.36%,N
982A7810,고객00353,2026-01-14,2.76%,2.43%,5.19%,N
982A7810,고객00353,2025-10-14,2.75%,2.44%,5.19%,N
B1C22E3B,고객00354,2026-04-14,2.85%,1.35%,4.20%,N
B1C22E3B,고객00354,2026-01-14,2.76%,1.39%,4.15%,N
B1C22E3B,고객00354,2025-10-14,2.75%,1.35%,4.10%,N
B1C22E3B,고객00354,2025-07-14,2.68%,1.36%,4.04%,N
C8E861CC,고객00355,2026-04-14,2.85%,2.06%,4.91%,N
F86F42E1,고객00356,2026-04-14,2.85%,2.98%,5.83%,N
F86F42E1,고객00356,2026-01-14,2.76%,2.95%,5.71%,N
C828A029,고객00358,2026-04-14,2.85%,1.59%,4.44%,N
C828A029,고객00358,2026-01-14,2.76%,1.56%,4.32%,N
C828A029,고객00358,2025-10-14,2.75%,1.58%,4.33%,N
C828A029,고객00358,2025-07-14,2.68%,1.59%,4.27%,N
219D9FDE,고객00359,2026-04-14,2.85%,2.37%,5.22%,N
6B414C1C,고객00360,2026-04-14,2.85%,1.61%,4.46%,N
6B414C1C,고객00360,2026-01-14,2.76%,1.57%,4.33%,N
6B414C1C,고객00360,2025-10-14,2.75%,1.64%,4.39%,N
6B414C1C,고객00360,2025-07-14,2.68%,1.57%,4.25%,N
7F824674,고객00361,2026-04-14,2.85%,1.84%,4.69%,N
7F824674,고객00361,2026-01-14,2.76%,1.87%,4.63%,N
7F824674,고객00361,2025-10-14,2.75%,1.90%,4.65%,N
7F824674,고객00361,2025-07-14,2.68%,1.83%,4.51%,N
A757049E,고객00363,2026-04-14,2.85%,1.00%,3.85%,Y
A757049E,고객00363,2026-01-14,2.76%,1.02%,3.78%,Y
A757049E,고객00363,2025-10-14,2.75%,1.00%,3.75%,Y
FC3CFA6E,고객00364,2026-04-14,2.85%,1.29%,4.14%,Y
FC3CFA6E,고객00364,2026-01-14,2.76%,1.26%,4.02%,Y
97730825,고객00367,2026-04-14,2.85%,2.62%,5.47%,N
97730825,고객00367,2026-01-14,2.76%,2.63%,5.39%,N
97730825,고객00367,2025-10-14,2.75%,2.61%,5.36%,N
56BB1015,고객00368,2026-04-14,2.85%,1.42%,4.27%,N
56BB1015,고객00368,2026-01-14,2.76%,1.46%,4.22%,N
56BB1015,고객00368,2025-10-14,2.75%,1.46%,4.21%,N
56BB1015,고객00368,2025-07-14,2.68%,1.38%,4.06%,N
F8A07237,고객00369,2026-04-14,2.85%,2.70%,5.55%,N
F8A07237,고객00369,2026-01-14,2.76%,2.71%,5.47%,N
F8A07237,고객00369,2025-10-14,2.75%,2.69%,5.44%,N
11741C11,고객00371,2026-04-14,2.85%,1.13%,3.98%,Y
11741C11,고객00371,2026-01-14,2.76%,1.04%,3.80%,Y
11741C11,고객00371,2025-10-14,2.75%,1.14%,3.89%,Y
F65A7F0C,고객00373,2026-04-14,2.85%,2.37%,5.22%,N
F65A7F0C,고객00373,2026-01-14,2.76%,2.42%,5.18%,N
F65A7F0C,고객00373,2025-10-14,2.75%,2.43%,5.18%,N
F65A7F0C,고객00373,2025-07-14,2.68%,2.39%,5.07%,N
5B260ABA,고객00374,2026-04-14,2.85%,1.77%,4.62%,N
5B260ABA,고객00374,2026-01-14,2.76%,1.75%,4.51%,N
5B260ABA,고객00374,2025-10-14,2.75%,1.80%,4.55%,N
5B260ABA,고객00374,2025-07-14,2.68%,1.77%,4.45%,N
6C08C03E,고객00375,2026-04-14,2.85%,1.28%,4.13%,Y
6C08C03E,고객00375,2026-01-14,2.76%,1.27%,4.03%,Y
80CCC6E9,고객00376,2026-04-14,2.85%,2.41%,5.26%,N
47716EA6,고객00377,2026-04-14,2.85%,1.04%,3.89%,Y
47716EA6,고객00377,2026-01-14,2.76%,1.05%,3.81%,Y
FF5BC5DF,고객00378,2026-04-14,2.85%,1.81%,4.66%,N
FF5BC5DF,고객00378,2026-01-14,2.76%,1.85%,4.61%,N
08A1A5FB,고객00379,2026-04-14,2.85%,2.41%,5.26%,N
D03F0F2C,고객00380,2026-04-14,2.85%,1.37%,4.22%,N
6628539C,고객00381,2026-04-14,2.85%,1.94%,4.79%,N
F0ACEE2E,고객00382,2026-04-14,2.85%,2.07%,4.92%,N
F0ACEE2E,고객00382,2026-01-14,2.76%,2.06%,4.82%,N
F0ACEE2E,고객00382,2025-10-14,2.75%,2.05%,4.80%,N
39066CEA,고객00383,2026-04-14,2.85%,1.70%,4.55%,N
39066CEA,고객00383,2026-01-14,2.76%,1.76%,4.52%,N
0C6FD32D,고객00384,2026-04-14,2.85%,2.53%,5.38%,N
0C6FD32D,고객00384,2026-01-14,2.76%,2.52%,5.28%,N
0C6FD32D,고객00384,2025-10-14,2.75%,2.50%,5.25%,N
0C6FD32D,고객00384,2025-07-14,2.68%,2.45%,5.13%,N
D7A53416,고객00385,2026-04-14,2.85%,1.46%,4.31%,N
D7A53416,고객00385,2026-01-14,2.76%,1.54%,4.30%,N
D7A53416,고객00385,2025-10-14,2.75%,1.47%,4.22%,N
D7A53416,고객00385,2025-07-14,2.68%,1.53%,4.21%,N
7EAFEAFD,고객00386,2026-04-14,2.85%,1.09%,3.94%,Y
7EAFEAFD,고객00386,2026-01-14,2.76%,1.05%,3.81%,Y
7EAFEAFD,고객00386,2025-10-14,2.75%,1.11%,3.86%,Y
7EAFEAFD,고객00386,2025-07-14,2.68%,1.10%,3.78%,Y
362AFFC7,고객00387,2026-04-14,2.85%,2.20%,5.05%,N
362AFFC7,고객00387,2026-01-14,2.76%,2.17%,4.93%,N
362AFFC7,고객00387,2025-10-14,2.75%,2.23%,4.98%,N
362AFFC7,고객00387,2025-07-14,2.68%,2.23%,4.91%,N
636518C3,고객00388,2026-04-14,2.85%,1.02%,3.87%,Y
636518C3,고객00388,2026-01-14,2.76%,1.04%,3.80%,Y
636518C3,고객00388,2025-10-14,2.75%,1.05%,3.80%,Y
3D9D2EA8,고객00389,2026-04-14,2.85%,2.65%,5.50%,N
3D9D2EA8,고객00389,2026-01-14,2.76%,2.58%,5.34%,N
3D9D2EA8,고객00389,2025-10-14,2.75%,2.57%,5.32%,N
3D9D2EA8,고객00389,2025-07-14,2.68%,2.61%,5.29%,N
8D3FD19E,고객00391,2026-04-14,2.85%,2.68%,5.53%,N
8D3FD19E,고객00391,2026-01-14,2.76%,2.72%,5.48%,N
8163A40D,고객00393,2026-04-14,2.85%,2.26%,5.11%,N
8163A40D,고객00393,2026-01-14,2.76%,2.30%,5.06%,N
2C19A0D8,고객00394,2026-04-14,2.85%,1.45%,4.30%,N
2C19A0D8,고객00394,2026-01-14,2.76%,1.48%,4.24%,N
2C19A0D8,고객00394,2025-10-14,2.75%,1.39%,4.14%,N
B31C400E,고객00396,2026-04-14,2.85%,2.16%,5.01%,N
B31C400E,고객00396,2026-01-14,2.76%,2.21%,4.97%,N
B31C400E,고객00396,2025-10-14,2.75%,2.25%,5.00%,N
380036C0,고객00397,2026-04-14,2.85%,1.27%,4.12%,Y
380036C0,고객00397,2026-01-14,2.76%,1.21%,3.97%,Y
380036C0,고객00397,2025-10-14,2.75%,1.25%,4.00%,Y
2621198B,고객00398,2026-04-14,2.85%,2.61%,5.46%,N
2621198B,고객00398,2026-01-14,2.76%,2.65%,5.41%,N
2621198B,고객00398,2025-10-14,2.75%,2.65%,5.40%,N
2621198B,고객00398,2025-07-14,2.68%,2.61%,5.29%,N
8D6553EB,고객00399,2026-04-14,2.85%,2.85%,5.70%,N
8D6553EB,고객00399,2026-01-14,2.76%,2.84%,5.60%,N
8D6553EB,고객00399,2025-10-14,2.75%,2.85%,5.60%,N
0B53D224,고객00400,2026-04-14,2.85%,1.58%,4.43%,N
0B53D224,고객00400,2026-01-14,2.76%,1.56%,4.32%,N
0B53D224,고객00400,2025-10-14,2.75%,1.59%,4.34%,N
0B53D224,고객00400,2025-07-14,2.68%,1.59%,4.27%,N
4EAB4E5F,고객00401,2026-04-14,2.85%,1.05%,3.90%,Y
4EAB4E5F,고객00401,2026-01-14,2.76%,1.02%,3.78%,Y
B53997D2,고객00402,2026-04-14,2.85%,2.57%,5.42%,N
B53997D2,고객00402,2026-01-14,2.76%,2.53%,5.29%,N
B53997D2,고객00402,2025-10-14,2.75%,2.53%,5.28%,N
FCD462D5,고객00403,2026-04-14,2.85%,2.42%,5.27%,N
FCD462D5,고객00403,2026-01-14,2.76%,2.46%,5.22%,N
FCD462D5,고객00403,2025-10-14,2.75%,2.43%,5.18%,N
27A3D5E6,고객00404,2026-04-14,2.85%,1.13%,3.98%,Y
5EB5945D,고객00408,2026-04-14,2.85%,2.24%,5.09%,N
5EB5945D,고객00408,2026-01-14,2.76%,2.23%,4.99%,N
430417C2,고객00410,2026-04-14,2.85%,1.76%,4.61%,N
430417C2,고객00410,2026-01-14,2.76%,1.81%,4.57%,N
430417C2,고객00410,2025-10-14,2.75%,1.80%,4.55%,N
91DC8161,고객00411,2026-04-14,2.85%,1.26%,4.11%,Y
D390B40E,고객00412,2026-04-14,2.85%,2.28%,5.13%,N
D390B40E,고객00412,2026-01-14,2.76%,2.34%,5.10%,N
D390B40E,고객00412,2025-10-14,2.75%,2.33%,5.08%,N
2A2AD14C,고객00413,2026-04-14,2.85%,1.20%,4.05%,Y
2A2AD14C,고객00413,2026-01-14,2.76%,1.19%,3.95%,Y
2A2AD14C,고객00413,2025-10-14,2.75%,1.17%,3.92%,Y
73FA1C39,고객00416,2026-04-14,2.85%,2.03%,4.88%,N
73FA1C39,고객00416,2026-01-14,2.76%,2.02%,4.78%,N
73FA1C39,고객00416,2025-10-14,2.75%,2.06%,4.81%,N
73FA1C39,고객00416,2025-07-14,2.68%,2.01%,4.69%,N
98CB916C,고객00417,2026-04-14,2.85%,1.90%,4.75%,N
10686BEC,고객00419,2026-04-14,2.85%,2.97%,5.82%,N
10686BEC,고객00419,2026-01-14,2.76%,2.96%,5.72%,N
10686BEC,고객00419,2025-10-14,2.75%,2.93%,5.68%,N
99CF4799,고객00420,2026-04-14,2.85%,1.26%,4.11%,Y
99CF4799,고객00420,2026-01-14,2.76%,1.30%,4.06%,Y
99CF4799,고객00420,2025-10-14,2.75%,1.23%,3.98%,Y
AE76070E,고객00421,2026-04-14,2.85%,1.07%,3.92%,Y
AE76070E,고객00421,2026-01-14,2.76%,1.01%,3.77%,Y
9BD51A54,고객00423,2026-04-14,2.85%,1.56%,4.41%,N
9BD51A54,고객00423,2026-01-14,2.76%,1.51%,4.27%,N
9BD51A54,고객00423,2025-10-14,2.75%,1.57%,4.32%,N
9BD51A54,고객00423,2025-07-14,2.68%,1.53%,4.21%,N
ABF210AA,고객00424,2026-04-14,2.85%,1.76%,4.61%,N
7EB1263B,고객00425,2026-04-14,2.85%,1.27%,4.12%,Y
7EB1263B,고객00425,2026-01-14,2.76%,1.21%,3.97%,Y
BB869DBE,고객00427,2026-04-14,2.85%,2.87%,5.72%,N
BB869DBE,고객00427,2026-01-14,2.76%,2.92%,5.68%,N
BB869DBE,고객00427,2025-10-14,2.75%,2.87%,5.62%,N
BB869DBE,고객00427,2025-07-14,2.68%,2.92%,5.60%,N
1563E145,고객00428,2026-04-14,2.85%,1.74%,4.59%,N
0311BF98,고객00430,2026-04-14,2.85%,1.96%,4.81%,N
0311BF98,고객00430,2026-01-14,2.76%,1.97%,4.73%,N
0311BF98,고객00430,2025-10-14,2.75%,1.90%,4.65%,N
330CABDB,고객00431,2026-04-14,2.85%,2.42%,5.27%,N
CB7072F9,고객00432,2026-04-14,2.85%,2.66%,5.51%,N
CB7072F9,고객00432,2026-01-14,2.76%,2.68%,5.44%,N
CB7072F9,고객00432,2025-10-14,2.75%,2.67%,5.42%,N
4E1A5B6B,고객00434,2026-04-14,2.85%,2.10%,4.95%,N
4E1A5B6B,고객00434,2026-01-14,2.76%,2.12%,4.88%,N
4E1A5B6B,고객00434,2025-10-14,2.75%,2.05%,4.80%,N
C347743E,고객00436,2026-04-14,2.85%,1.39%,4.24%,N
27B28C17,고객00438,2026-04-14,2.85%,1.48%,4.33%,N
BADDBF19,고객00439,2026-04-14,2.85%,1.12%,3.97%,Y
BADDBF19,고객00439,2026-01-14,2.76%,1.09%,3.85%,Y
BADDBF19,고객00439,2025-10-14,2.75%,1.05%,3.80%,Y
BADDBF19,고객00439,2025-07-14,2.68%,1.08%,3.76%,Y
3623932D,고객00440,2026-04-14,2.85%,2.74%,5.59%,N
5D20E2AF,고객00444,2026-04-14,2.85%,2.88%,5.73%,N
5D20E2AF,고객00444,2026-01-14,2.76%,2.91%,5.67%,N
5D20E2AF,고객00444,2025-10-14,2.75%,2.88%,5.63%,N
A75478F4,고객00445,2026-04-14,2.85%,2.06%,4.91%,N
54C8CCA1,고객00447,2026-04-14,2.85%,1.77%,4.62%,N
69EAC3A4,고객00448,2026-04-14,2.85%,1.09%,3.94%,Y
6A2DAB13,고객00449,2026-04-14,2.85%,2.61%,5.46%,N
6A2DAB13,고객00449,2026-01-14,2.76%,2.62%,5.38%,N
6A2DAB13,고객00449,2025-10-14,2.75%,2.56%,5.31%,N
6A2DAB13,고객00449,2025-07-14,2.68%,2.56%,5.24%,N
58FC9B37,고객00450,2026-04-14,2.85%,3.00%,5.85%,N
58FC9B37,고객00450,2026-01-14,2.76%,2.97%,5.73%,N
911D481A,고객00452,2026-04-14,2.85%,2.31%,5.16%,N
7A4F00CF,고객00453,2026-04-14,2.85%,1.05%,3.90%,Y
00406797,고객00454,2026-04-14,2.85%,2.32%,5.17%,N
E7A6FEBE,고객00456,2026-04-14,2.85%,1.27%,4.12%,Y
E7A6FEBE,고객00456,2026-01-14,2.76%,1.27%,4.03%,Y
E7A6FEBE,고객00456,2025-10-14,2.75%,1.27%,4.02%,Y
E7A6FEBE,고객00456,2025-07-14,2.68%,1.25%,3.93%,Y
3BFC9729,고객00457,2026-04-14,2.85%,1.89%,4.74%,N
73A8BB0C,고객00458,2026-04-14,2.85%,2.12%,4.97%,N
73A8BB0C,고객00458,2026-01-14,2.76%,2.10%,4.86%,N
C7871461,고객00459,2026-04-14,2.85%,1.71%,4.56%,N
C7871461,고객00459,2026-01-14,2.76%,1.73%,4.49%,N
C7871461,고객00459,2025-10-14,2.75%,1.73%,4.48%,N
C7871461,고객00459,2025-07-14,2.68%,1.67%,4.35%,N
DD2EFD70,고객00460,2026-04-14,2.85%,1.17%,4.02%,Y
DD2EFD70,고객00460,2026-01-14,2.76%,1.14%,3.90%,Y
B41326B0,고객00461,2026-04-14,2.85%,2.44%,5.29%,N
3CF86FA1,고객00462,2026-04-14,2.85%,1.18%,4.03%,Y
3CF86FA1,고객00462,2026-01-14,2.76%,1.24%,4.00%,Y
3CF86FA1,고객00462,2025-10-14,2.75%,1.19%,3.94%,Y
3CF86FA1,고객00462,2025-07-14,2.68%,1.18%,3.86%,Y
8DF98545,고객00463,2026-04-14,2.85%,2.73%,5.58%,N
8DF98545,고객00463,2026-01-14,2.76%,2.74%,5.50%,N
8A273B86,고객00464,2026-04-14,2.85%,2.83%,5.68%,N
8A273B86,고객00464,2026-01-14,2.76%,2.78%,5.54%,N
8A273B86,고객00464,2025-10-14,2.75%,2.82%,5.57%,N
7AE74141,고객00465,2026-04-14,2.85%,2.08%,4.93%,N
7AE74141,고객00465,2026-01-14,2.76%,2.07%,4.83%,N
7AE74141,고객00465,2025-10-14,2.75%,2.05%,4.80%,N
907A0FE2,고객00466,2026-04-14,2.85%,2.48%,5.33%,N
907A0FE2,고객00466,2026-01-14,2.76%,2.41%,5.17%,N
907A0FE2,고객00466,2025-10-14,2.75%,2.48%,5.23%,N
907A0FE2,고객00466,2025-07-14,2.68%,2.43%,5.11%,N
6BE50294,고객00467,2026-04-14,2.85%,1.20%,4.05%,Y
6BE50294,고객00467,2026-01-14,2.76%,1.27%,4.03%,Y
6BE50294,고객00467,2025-10-14,2.75%,1.22%,3.97%,Y
EC56EB40,고객00468,2026-04-14,2.85%,1.64%,4.49%,N
4AA487AA,고객00470,2026-04-14,2.85%,1.71%,4.56%,N
4AA487AA,고객00470,2026-01-14,2.76%,1.70%,4.46%,N
4F72D35D,고객00471,2026-04-14,2.85%,1.87%,4.72%,N
4F72D35D,고객00471,2026-01-14,2.76%,1.89%,4.65%,N
4F72D35D,고객00471,2025-10-14,2.75%,1.90%,4.65%,N
549E7464,고객00472,2026-04-14,2.85%,2.20%,5.05%,N
549E7464,고객00472,2026-01-14,2.76%,2.21%,4.97%,N
549E7464,고객00472,2025-10-14,2.75%,2.19%,4.94%,N
549E7464,고객00472,2025-07-14,2.68%,2.18%,4.86%,N
1D488596,고객00473,2026-04-14,2.85%,2.69%,5.54%,N
1D488596,고객00473,2026-01-14,2.76%,2.68%,5.44%,N
BB9829A9,고객00474,2026-04-14,2.85%,1.97%,4.82%,N
505D2B9C,고객00475,2026-04-14,2.85%,1.77%,4.62%,N
505D2B9C,고객00475,2026-01-14,2.76%,1.79%,4.55%,N
E49EC8D9,고객00476,2026-04-14,2.85%,2.54%,5.39%,N
E49EC8D9,고객00476,2026-01-14,2.76%,2.58%,5.34%,N
8F1C9BD8,고객00477,2026-04-14,2.85%,2.70%,5.55%,N
8F1C9BD8,고객00477,2026-01-14,2.76%,2.73%,5.49%,N
4F5FEBF8,고객00479,2026-04-14,2.85%,2.69%,5.54%,N
4F5FEBF8,고객00479,2026-01-14,2.76%,2.62%,5.38%,N
4F5FEBF8,고객00479,2025-10-14,2.75%,2.68%,5.43%,N
4F5FEBF8,고객00479,2025-07-14,2.68%,2.64%,5.32%,N
458C5DC8,고객00480,2026-04-14,2.85%,1.82%,4.67%,N
458C5DC8,고객00480,2026-01-14,2.76%,1.88%,4.64%,N
458C5DC8,고객00480,2025-10-14,2.75%,1.83%,4.58%,N
04CB07FE,고객00481,2026-04-14,2.85%,1.28%,4.13%,Y
04CB07FE,고객00481,2026-01-14,2.76%,1.33%,4.09%,N
04CB07FE,고객00481,2025-10-14,2.75%,1.30%,4.05%,Y
AF7E8EAA,고객00482,2026-04-14,2.85%,2.10%,4.95%,N
AF7E8EAA,고객00482,2026-01-14,2.76%,2.12%,4.88%,N
457B63D6,고객00483,2026-04-14,2.85%,2.96%,5.81%,N
F6B29889,고객00485,2026-04-14,2.85%,2.54%,5.39%,N
9882787E,고객00486,2026-04-14,2.85%,1.87%,4.72%,N
9882787E,고객00486,2026-01-14,2.76%,1.85%,4.61%,N
9882787E,고객00486,2025-10-14,2.75%,1.90%,4.65%,N
9882787E,고객00486,2025-07-14,2.68%,1.84%,4.52%,N
AB6E447D,고객00490,2026-04-14,2.85%,2.32%,5.17%,N
AB6E447D,고객00490,2026-01-14,2.76%,2.39%,5.15%,N
46417AAE,고객00491,2026-04-14,2.85%,2.30%,5.15%,N
46417AAE,고객00491,2026-01-14,2.76%,2.23%,4.99%,N
F8D414B0,고객00493,2026-04-14,2.85%,2.20%,5.05%,N
F8D414B0,고객00493,2026-01-14,2.76%,2.15%,4.91%,N
F8D414B0,고객00493,2025-10-14,2.75%,2.18%,4.93%,N
5A7B6022,고객00495,2026-04-14,2.85%,1.71%,4.56%,N
5A7B6022,고객00495,2026-01-14,2.76%,1.75%,4.51%,N
5A7B6022,고객00495,2025-10-14,2.75%,1.80%,4.55%,N
FE942753,고객00496,2026-04-14,2.85%,1.33%,4.18%,N
FE942753,고객00496,2026-01-14,2.76%,1.37%,4.13%,N
7699289C,고객00499,2026-04-14,2.85%,2.52%,5.37%,N
7699289C,고객00499,2026-01-14,2.76%,2.52%,5.28%,N
9813E57C,고객00501,2026-04-14,2.85%,2.20%,5.05%,N
9813E57C,고객00501,2026-01-14,2.76%,2.15%,4.91%,N
9813E57C,고객00501,2025-10-14,2.75%,2.15%,4.90%,N
0DAE16DA,고객00502,2026-04-14,2.85%,1.52%,4.37%,N
0DAE16DA,고객00502,2026-01-14,2.76%,1.50%,4.26%,N
0DAE16DA,고객00502,2025-10-14,2.75%,1.52%,4.27%,N
0DAE16DA,고객00502,2025-07-14,2.68%,1.45%,4.13%,N
8E9F9490,고객00503,2026-04-14,2.85%,1.63%,4.48%,N
63D38AE4,고객00504,2026-04-14,2.85%,2.71%,5.56%,N
63D38AE4,고객00504,2026-01-14,2.76%,2.71%,5.47%,N
63D38AE4,고객00504,2025-10-14,2.75%,2.77%,5.52%,N
78D0B1BF,고객00505,2026-04-14,2.85%,1.93%,4.78%,N
78D0B1BF,고객00505,2026-01-14,2.76%,1.99%,4.75%,N
78D0B1BF,고객00505,2025-10-14,2.75%,1.96%,4.71%,N
78D0B1BF,고객00505,2025-07-14,2.68%,1.99%,4.67%,N
D6DB3738,고객00506,2026-04-14,2.85%,2.79%,5.64%,N
D6DB3738,고객00506,2026-01-14,2.76%,2.81%,5.57%,N
71735251,고객00508,2026-04-14,2.85%,2.36%,5.21%,N
71735251,고객00508,2026-01-14,2.76%,2.35%,5.11%,N
EA486FF2,고객00509,2026-04-14,2.85%,1.88%,4.73%,N
4D6F034A,고객00510,2026-04-14,2.85%,2.29%,5.14%,N
4D6F034A,고객00510,2026-01-14,2.76%,2.29%,5.05%,N
4D6F034A,고객00510,2025-10-14,2.75%,2.37%,5.12%,N
4C9CE7D8,고객00511,2026-04-14,2.85%,1.70%,4.55%,N
4C9CE7D8,고객00511,2026-01-14,2.76%,1.65%,4.41%,N
4C9CE7D8,고객00511,2025-10-14,2.75%,1.62%,4.37%,N
B6C9C9D1,고객00512,2026-04-14,2.85%,2.21%,5.06%,N
1A387CD1,고객00513,2026-04-14,2.85%,1.00%,3.85%,Y
5C8476B7,고객00515,2026-04-14,2.85%,2.60%,5.45%,N
5C8476B7,고객00515,2026-01-14,2.76%,2.64%,5.40%,N
B55EBA04,고객00516,2026-04-14,2.85%,2.66%,5.51%,N
B55EBA04,고객00516,2026-01-14,2.76%,2.62%,5.38%,N
B55EBA04,고객00516,2025-10-14,2.75%,2.62%,5.37%,N
B55EBA04,고객00516,2025-07-14,2.68%,2.62%,5.30%,N
C9F39672,고객00517,2026-04-14,2.85%,2.07%,4.92%,N
C9F39672,고객00517,2026-01-14,2.76%,2.06%,4.82%,N
C9F39672,고객00517,2025-10-14,2.75%,2.00%,4.75%,N
642DC102,고객00518,2026-04-14,2.85%,1.63%,4.48%,N
F6F9797E,고객00519,2026-04-14,2.85%,2.13%,4.98%,N
72FB512F,고객00520,2026-04-14,2.85%,2.89%,5.74%,N
72FB512F,고객00520,2026-01-14,2.76%,2.82%,5.58%,N
1163CDC3,고객00521,2026-04-14,2.85%,2.13%,4.98%,N
1163CDC3,고객00521,2026-01-14,2.76%,2.10%,4.86%,N
7A732474,고객00523,2026-04-14,2.85%,1.41%,4.26%,N
7A732474,고객00523,2026-01-14,2.76%,1.47%,4.23%,N
7A732474,고객00523,2025-10-14,2.75%,1.42%,4.17%,N
CCEDD350,고객00524,2026-04-14,2.85%,1.98%,4.83%,N
03DF5C78,고객00525,2026-04-14,2.85%,2.76%,5.61%,N
03DF5C78,고객00525,2026-01-14,2.76%,2.77%,5.53%,N
03DF5C78,고객00525,2025-10-14,2.75%,2.81%,5.56%,N
03DF5C78,고객00525,2025-07-14,2.68%,2.78%,5.46%,N
0608EEFA,고객00526,2026-04-14,2.85%,1.96%,4.81%,N
0608EEFA,고객00526,2026-01-14,2.76%,1.88%,4.64%,N
0608EEFA,고객00526,2025-10-14,2.75%,1.87%,4.62%,N
FFFE9B93,고객00527,2026-04-14,2.85%,1.60%,4.45%,N
FFFE9B93,고객00527,2026-01-14,2.76%,1.56%,4.32%,N
FFFE9B93,고객00527,2025-10-14,2.75%,1.64%,4.39%,N
66A53A0C,고객00532,2026-04-14,2.85%,1.44%,4.29%,N
66A53A0C,고객00532,2026-01-14,2.76%,1.43%,4.19%,N
66A53A0C,고객00532,2025-10-14,2.75%,1.38%,4.13%,N
66A53A0C,고객00532,2025-07-14,2.68%,1.38%,4.06%,N
28094DA8,고객00533,2026-04-14,2.85%,2.88%,5.73%,N
28094DA8,고객00533,2026-01-14,2.76%,2.86%,5.62%,N
28094DA8,고객00533,2025-10-14,2.75%,2.85%,5.60%,N
C5F80526,고객00534,2026-04-14,2.85%,2.70%,5.55%,N
726F14D4,고객00535,2026-04-14,2.85%,2.14%,4.99%,N
726F14D4,고객00535,2026-01-14,2.76%,2.11%,4.87%,N
726F14D4,고객00535,2025-10-14,2.75%,2.17%,4.92%,N
61C222F4,고객00536,2026-04-14,2.85%,1.74%,4.59%,N
61C222F4,고객00536,2026-01-14,2.76%,1.78%,4.54%,N
0C4E5BF7,고객00537,2026-04-14,2.85%,1.68%,4.53%,N
F3A2496B,고객00538,2026-04-14,2.85%,1.56%,4.41%,N
F3A2496B,고객00538,2026-01-14,2.76%,1.58%,4.34%,N
F3A2496B,고객00538,2025-10-14,2.75%,1.58%,4.33%,N
DDD4F1BB,고객00539,2026-04-14,2.85%,2.61%,5.46%,N
DDD4F1BB,고객00539,2026-01-14,2.76%,2.61%,5.37%,N
DDD4F1BB,고객00539,2025-10-14,2.75%,2.66%,5.41%,N
72101BB1,고객00540,2026-04-14,2.85%,2.62%,5.47%,N
C890ED6F,고객00541,2026-04-14,2.85%,1.39%,4.24%,N
C890ED6F,고객00541,2026-01-14,2.76%,1.34%,4.10%,N
C890ED6F,고객00541,2025-10-14,2.75%,1.38%,4.13%,N
C890ED6F,고객00541,2025-07-14,2.68%,1.36%,4.04%,N
E82E602F,고객00543,2026-04-14,2.85%,2.36%,5.21%,N
E82E602F,고객00543,2026-01-14,2.76%,2.30%,5.06%,N
23DC2F7F,고객00545,2026-04-14,2.85%,1.24%,4.09%,Y
23DC2F7F,고객00545,2026-01-14,2.76%,1.25%,4.01%,Y
159D8F38,고객00546,2026-04-14,2.85%,2.53%,5.38%,N
159D8F38,고객00546,2026-01-14,2.76%,2.49%,5.25%,N
159D8F38,고객00546,2025-10-14,2.75%,2.54%,5.29%,N
C7CD2ACC,고객00547,2026-04-14,2.85%,2.16%,5.01%,N
C7CD2ACC,고객00547,2026-01-14,2.76%,2.08%,4.84%,N
3492147E,고객00548,2026-04-14,2.85%,1.38%,4.23%,N
3492147E,고객00548,2026-01-14,2.76%,1.40%,4.16%,N
3492147E,고객00548,2025-10-14,2.75%,1.45%,4.20%,N
6C7C7B80,고객00549,2026-04-14,2.85%,1.05%,3.90%,Y
6C7C7B80,고객00549,2026-01-14,2.76%,1.02%,3.78%,Y
6C7C7B80,고객00549,2025-10-14,2.75%,1.00%,3.75%,Y
13640110,고객00550,2026-04-14,2.85%,1.21%,4.06%,Y
2F6910A5,고객00551,2026-04-14,2.85%,1.30%,4.15%,N
2F6910A5,고객00551,2026-01-14,2.76%,1.34%,4.10%,N
5C09479E,고객00552,2026-04-14,2.85%,2.17%,5.02%,N
7C813F08,고객00553,2026-04-14,2.85%,2.65%,5.50%,N
7C813F08,고객00553,2026-01-14,2.76%,2.67%,5.43%,N
7C813F08,고객00553,2025-10-14,2.75%,2.71%,5.46%,N
E03BEAF3,고객00554,2026-04-14,2.85%,1.54%,4.39%,N
73FE121A,고객00555,2026-04-14,2.85%,1.20%,4.05%,Y
892660B6,고객00556,2026-04-14,2.85%,2.29%,5.14%,N
892660B6,고객00556,2026-01-14,2.76%,2.34%,5.10%,N
892660B6,고객00556,2025-10-14,2.75%,2.26%,5.01%,N
37DAC3B0,고객00557,2026-04-14,2.85%,1.36%,4.21%,N
37DAC3B0,고객00557,2026-01-14,2.76%,1.41%,4.17%,N
2155C79D,고객00558,2026-04-14,2.85%,2.58%,5.43%,N
2155C79D,고객00558,2026-01-14,2.76%,2.55%,5.31%,N
3146F6AA,고객00559,2026-04-14,2.85%,1.96%,4.81%,N
3146F6AA,고객00559,2026-01-14,2.76%,2.05%,4.81%,N
3146F6AA,고객00559,2025-10-14,2.75%,1.96%,4.71%,N
3146F6AA,고객00559,2025-07-14,2.68%,1.95%,4.63%,N
E6A869EA,고객00560,2026-04-14,2.85%,1.05%,3.90%,Y
E6A869EA,고객00560,2026-01-14,2.76%,1.09%,3.85%,Y
E6A869EA,고객00560,2025-10-14,2.75%,1.08%,3.83%,Y
E6A869EA,고객00560,2025-07-14,2.68%,1.09%,3.77%,Y
CD422EA6,고객00561,2026-04-14,2.85%,2.72%,5.57%,N
3C051A01,고객00565,2026-04-14,2.85%,1.03%,3.88%,Y
3C051A01,고객00565,2026-01-14,2.76%,1.04%,3.80%,Y
2C7FEC4F,고객00566,2026-04-14,2.85%,2.05%,4.90%,N
72078431,고객00567,2026-04-14,2.85%,1.30%,4.15%,N
EED9C635,고객00568,2026-04-14,2.85%,1.94%,4.79%,N
EED9C635,고객00568,2026-01-14,2.76%,1.88%,4.64%,N
763A7C19,고객00569,2026-04-14,2.85%,1.39%,4.24%,N
763A7C19,고객00569,2026-01-14,2.76%,1.39%,4.15%,N
763A7C19,고객00569,2025-10-14,2.75%,1.37%,4.12%,N
763A7C19,고객00569,2025-07-14,2.68%,1.39%,4.07%,N
E28EC061,고객00571,2026-04-14,2.85%,1.65%,4.50%,N
E28EC061,고객00571,2026-01-14,2.76%,1.68%,4.44%,N
2DB62C8D,고객00574,2026-04-14,2.85%,1.13%,3.98%,Y
2D7A2A57,고객00575,2026-04-14,2.85%,1.85%,4.70%,N
805B9B6B,고객00576,2026-04-14,2.85%,2.66%,5.51%,N
805B9B6B,고객00576,2026-01-14,2.76%,2.61%,5.37%,N
67AC2BDB,고객00577,2026-04-14,2.85%,2.23%,5.08%,N
67AC2BDB,고객00577,2026-01-14,2.76%,2.24%,5.00%,N
5ACB338E,고객00578,2026-04-14,2.85%,1.01%,3.86%,Y
5ACB338E,고객00578,2026-01-14,2.76%,1.08%,3.84%,Y
1373708B,고객00580,2026-04-14,2.85%,2.37%,5.22%,N
1373708B,고객00580,2026-01-14,2.76%,2.37%,5.13%,N
5F9675EC,고객00582,2026-04-14,2.85%,1.70%,4.55%,N
5F9675EC,고객00582,2026-01-14,2.76%,1.68%,4.44%,N
5F9675EC,고객00582,2025-10-14,2.75%,1.70%,4.45%,N
B328014C,고객00584,2026-04-14,2.85%,1.15%,4.00%,Y
8E4E0373,고객00587,2026-04-14,2.85%,3.00%,5.85%,N
8E4E0373,고객00587,2026-01-14,2.76%,3.00%,5.76%,N
8E4E0373,고객00587,2025-10-14,2.75%,3.00%,5.75%,N
8E4E0373,고객00587,2025-07-14,2.68%,3.00%,5.68%,N
56DBBAF0,고객00589,2026-04-14,2.85%,1.35%,4.20%,N
56DBBAF0,고객00589,2026-01-14,2.76%,1.40%,4.16%,N
56DBBAF0,고객00589,2025-10-14,2.75%,1.34%,4.09%,N
56DBBAF0,고객00589,2025-07-14,2.68%,1.35%,4.03%,N
E519B6D4,고객00590,2026-04-14,2.85%,1.20%,4.05%,Y
8ED7417B,고객00591,2026-04-14,2.85%,1.74%,4.59%,N
95B336BD,고객00592,2026-04-14,2.85%,1.82%,4.67%,N
B58F92F8,고객00593,2026-04-14,2.85%,2.08%,4.93%,N
C50F358A,고객00594,2026-04-14,2.85%,1.28%,4.13%,Y
C50F358A,고객00594,2026-01-14,2.76%,1.21%,3.97%,Y
C50F358A,고객00594,2025-10-14,2.75%,1.28%,4.03%,Y
C50F358A,고객00594,2025-07-14,2.68%,1.24%,3.92%,Y
D2157BD7,고객00595,2026-04-14,2.85%,1.92%,4.77%,N
D2157BD7,고객00595,2026-01-14,2.76%,1.94%,4.70%,N
D2157BD7,고객00595,2025-10-14,2.75%,1.88%,4.63%,N
D2157BD7,고객00595,2025-07-14,2.68%,1.94%,4.62%,N
B966F7DE,고객00596,2026-04-14,2.85%,1.53%,4.38%,N
B966F7DE,고객00596,2026-01-14,2.76%,1.54%,4.30%,N
B966F7DE,고객00596,2025-10-14,2.75%,1.62%,4.37%,N
71C345E7,고객00597,2026-04-14,2.85%,1.63%,4.48%,N
71C345E7,고객00597,2026-01-14,2.76%,1.63%,4.39%,N
71C345E7,고객00597,2025-10-14,2.75%,1.67%,4.42%,N
6A0CAF41,고객00598,2026-04-14,2.85%,2.83%,5.68%,N
6A0CAF41,고객00598,2026-01-14,2.76%,2.76%,5.52%,N
6A0CAF41,고객00598,2025-10-14,2.75%,2.81%,5.56%,N
53A4A567,고객00599,2026-04-14,2.85%,1.27%,4.12%,Y
53A4A567,고객00599,2026-01-14,2.76%,1.26%,4.02%,Y
53A4A567,고객00599,2025-10-14,2.75%,1.26%,4.01%,Y
30B435E1,고객00600,2026-04-14,2.85%,2.94%,5.79%,N
30B435E1,고객00600,2026-01-14,2.76%,2.94%,5.70%,N
30B435E1,고객00600,2025-10-14,2.75%,3.00%,5.75%,N
30B435E1,고객00600,2025-07-14,2.68%,3.00%,5.68%,N
D1F5DBFA,고객00601,2026-04-14,2.85%,1.27%,4.12%,Y
D1F5DBFA,고객00601,2026-01-14,2.76%,1.25%,4.01%,Y
83CB76AC,고객00602,2026-04-14,2.85%,2.37%,5.22%,N
51C03E1E,고객00603,2026-04-14,2.85%,2.42%,5.27%,N
51C03E1E,고객00603,2026-01-14,2.76%,2.42%,5.18%,N
440D18EC,고객00604,2026-04-14,2.85%,2.76%,5.61%,N
440D18EC,고객00604,2026-01-14,2.76%,2.81%,5.57%,N
3C6F1AE5,고객00606,2026-04-14,2.85%,2.55%,5.40%,N
3C6F1AE5,고객00606,2026-01-14,2.76%,2.52%,5.28%,N
3C6F1AE5,고객00606,2025-10-14,2.75%,2.50%,5.25%,N
3C6F1AE5,고객00606,2025-07-14,2.68%,2.52%,5.20%,N
983E8745,고객00607,2026-04-14,2.85%,2.51%,5.36%,N
DAA87B7E,고객00608,2026-04-14,2.85%,2.65%,5.50%,N
337B710C,고객00609,2026-04-14,2.85%,1.15%,4.00%,Y
337B710C,고객00609,2026-01-14,2.76%,1.14%,3.90%,Y
337B710C,고객00609,2025-10-14,2.75%,1.07%,3.82%,Y
BF20EADB,고객00611,2026-04-14,2.85%,1.32%,4.17%,N
53DFF7E2,고객00612,2026-04-14,2.85%,1.82%,4.67%,N
53DFF7E2,고객00612,2026-01-14,2.76%,1.84%,4.60%,N
53DFF7E2,고객00612,2025-10-14,2.75%,1.80%,4.55%,N
86AB7112,고객00613,2026-04-14,2.85%,1.34%,4.19%,N
86AB7112,고객00613,2026-01-14,2.76%,1.39%,4.15%,N
C4021B49,고객00614,2026-04-14,2.85%,2.88%,5.73%,N
C4021B49,고객00614,2026-01-14,2.76%,2.87%,5.63%,N
C4021B49,고객00614,2025-10-14,2.75%,2.87%,5.62%,N
14A64C72,고객00615,2026-04-14,2.85%,2.64%,5.49%,N
14A64C72,고객00615,2026-01-14,2.76%,2.68%,5.44%,N
14A64C72,고객00615,2025-10-14,2.75%,2.65%,5.40%,N
14A64C72,고객00615,2025-07-14,2.68%,2.68%,5.36%,N
3F485B6F,고객00616,2026-04-14,2.85%,2.14%,4.99%,N
3F485B6F,고객00616,2026-01-14,2.76%,2.14%,4.90%,N
3F485B6F,고객00616,2025-10-14,2.75%,2.14%,4.89%,N
9ACB0B78,고객00617,2026-04-14,2.85%,2.26%,5.11%,N
9ACB0B78,고객00617,2026-01-14,2.76%,2.20%,4.96%,N
9ACB0B78,고객00617,2025-10-14,2.75%,2.26%,5.01%,N
9ACB0B78,고객00617,2025-07-14,2.68%,2.17%,4.85%,N
9E63F128,고객00618,2026-04-14,2.85%,1.91%,4.76%,N
9E63F128,고객00618,2026-01-14,2.76%,1.90%,4.66%,N
9E63F128,고객00618,2025-10-14,2.75%,1.87%,4.62%,N
9E63F128,고객00618,2025-07-14,2.68%,1.82%,4.50%,N
9F7B14B6,고객00619,2026-04-14,2.85%,1.87%,4.72%,N
7FD35CC1,고객00620,2026-04-14,2.85%,2.09%,4.94%,N
7FD35CC1,고객00620,2026-01-14,2.76%,2.11%,4.87%,N
7FD35CC1,고객00620,2025-10-14,2.75%,2.02%,4.77%,N
7FD35CC1,고객00620,2025-07-14,2.68%,2.02%,4.70%,N
09C5CFA7,고객00621,2026-04-14,2.85%,2.19%,5.04%,N
396DC62F,고객00622,2026-04-14,2.85%,1.78%,4.63%,N
396DC62F,고객00622,2026-01-14,2.76%,1.85%,4.61%,N
ADB2DDB1,고객00624,2026-04-14,2.85%,2.53%,5.38%,N
ADB2DDB1,고객00624,2026-01-14,2.76%,2.51%,5.27%,N
ADB2DDB1,고객00624,2025-10-14,2.75%,2.51%,5.26%,N
ADB2DDB1,고객00624,2025-07-14,2.68%,2.52%,5.20%,N
FF60C54D,고객00626,2026-04-14,2.85%,2.16%,5.01%,N
FF60C54D,고객00626,2026-01-14,2.76%,2.21%,4.97%,N
AA6D3C15,고객00627,2026-04-14,2.85%,2.61%,5.46%,N
AA6D3C15,고객00627,2026-01-14,2.76%,2.64%,5.40%,N
AA6D3C15,고객00627,2025-10-14,2.75%,2.59%,5.34%,N
AA6D3C15,고객00627,2025-07-14,2.68%,2.59%,5.27%,N
B63F7113,고객00628,2026-04-14,2.85%,2.61%,5.46%,N
7CC8DC4B,고객00629,2026-04-14,2.85%,2.51%,5.36%,N
7CC8DC4B,고객00629,2026-01-14,2.76%,2.57%,5.33%,N
7CC8DC4B,고객00629,2025-10-14,2.75%,2.48%,5.23%,N
9A361F4F,고객00630,2026-04-14,2.85%,1.33%,4.18%,N
48403FBF,고객00631,2026-04-14,2.85%,2.89%,5.74%,N
4017E638,고객00632,2026-04-14,2.85%,1.47%,4.32%,N
F55E8B29,고객00633,2026-04-14,2.85%,2.61%,5.46%,N
F55E8B29,고객00633,2026-01-14,2.76%,2.66%,5.42%,N
F55E8B29,고객00633,2025-10-14,2.75%,2.59%,5.34%,N
F55E8B29,고객00633,2025-07-14,2.68%,2.57%,5.25%,N
A61C2E3E,고객00635,2026-04-14,2.85%,1.05%,3.90%,Y
267E6828,고객00636,2026-04-14,2.85%,2.17%,5.02%,N
24C4BA87,고객00637,2026-04-14,2.85%,2.04%,4.89%,N
24C4BA87,고객00637,2026-01-14,2.76%,2.03%,4.79%,N
24C4BA87,고객00637,2025-10-14,2.75%,2.03%,4.78%,N
82AE4AF5,고객00638,2026-04-14,2.85%,1.79%,4.64%,N
82AE4AF5,고객00638,2026-01-14,2.76%,1.78%,4.54%,N
82AE4AF5,고객00638,2025-10-14,2.75%,1.82%,4.57%,N
82AE4AF5,고객00638,2025-07-14,2.68%,1.79%,4.47%,N
45D89B3E,고객00639,2026-04-14,2.85%,2.48%,5.33%,N
45D89B3E,고객00639,2026-01-14,2.76%,2.45%,5.21%,N
45D89B3E,고객00639,2025-10-14,2.75%,2.45%,5.20%,N
45D89B3E,고객00639,2025-07-14,2.68%,2.42%,5.10%,N
762E38E9,고객00640,2026-04-14,2.85%,1.17%,4.02%,Y
762E38E9,고객00640,2026-01-14,2.76%,1.10%,3.86%,Y
7C7BE804,고객00641,2026-04-14,2.85%,2.20%,5.05%,N
BEEABC40,고객00642,2026-04-14,2.85%,1.22%,4.07%,Y
A6599E5B,고객00643,2026-04-14,2.85%,2.00%,4.85%,N
A6599E5B,고객00643,2026-01-14,2.76%,1.99%,4.75%,N
A6599E5B,고객00643,2025-10-14,2.75%,1.95%,4.70%,N
A6599E5B,고객00643,2025-07-14,2.68%,1.94%,4.62%,N
2EEE7500,고객00644,2026-04-14,2.85%,2.30%,5.15%,N
2EEE7500,고객00644,2026-01-14,2.76%,2.29%,5.05%,N
2EEE7500,고객00644,2025-10-14,2.75%,2.24%,4.99%,N
E20D79BE,고객00645,2026-04-14,2.85%,2.46%,5.31%,N
E20D79BE,고객00645,2026-01-14,2.76%,2.44%,5.20%,N
AE0A09BA,고객00646,2026-04-14,2.85%,1.23%,4.08%,Y
AE0A09BA,고객00646,2026-01-14,2.76%,1.25%,4.01%,Y
AE0A09BA,고객00646,2025-10-14,2.75%,1.21%,3.96%,Y
AE0A09BA,고객00646,2025-07-14,2.68%,1.27%,3.95%,Y
7F7AC2D8,고객00647,2026-04-14,2.85%,1.55%,4.40%,N
7F7AC2D8,고객00647,2026-01-14,2.76%,1.56%,4.32%,N
2704E30C,고객00648,2026-04-14,2.85%,1.63%,4.48%,N
89A08B82,고객00649,2026-04-14,2.85%,2.42%,5.27%,N
89A08B82,고객00649,2026-01-14,2.76%,2.40%,5.16%,N
4A449A98,고객00650,2026-04-14,2.85%,2.89%,5.74%,N
4A449A98,고객00650,2026-01-14,2.76%,2.96%,5.72%,N
4A449A98,고객00650,2025-10-14,2.75%,2.91%,5.66%,N
4A449A98,고객00650,2025-07-14,2.68%,2.96%,5.64%,N
26BF8749,고객00651,2026-04-14,2.85%,1.23%,4.08%,Y
A066F99F,고객00652,2026-04-14,2.85%,1.20%,4.05%,Y
A066F99F,고객00652,2026-01-14,2.76%,1.15%,3.91%,Y
A066F99F,고객00652,2025-10-14,2.75%,1.16%,3.91%,Y
A066F99F,고객00652,2025-07-14,2.68%,1.19%,3.87%,Y
11885718,고객00654,2026-04-14,2.85%,2.68%,5.53%,N
11885718,고객00654,2026-01-14,2.76%,2.65%,5.41%,N
11885718,고객00654,2025-10-14,2.75%,2.72%,5.47%,N
11885718,고객00654,2025-07-14,2.68%,2.74%,5.42%,N
7C08A092,고객00655,2026-04-14,2.85%,1.22%,4.07%,Y
93DE525B,고객00656,2026-04-14,2.85%,2.21%,5.06%,N
93DE525B,고객00656,2026-01-14,2.76%,2.22%,4.98%,N
93DE525B,고객00656,2025-10-14,2.75%,2.22%,4.97%,N
93DE525B,고객00656,2025-07-14,2.68%,2.23%,4.91%,N
2F1DF89E,고객00657,2026-04-14,2.85%,1.73%,4.58%,N
2F1DF89E,고객00657,2026-01-14,2.76%,1.75%,4.51%,N
CB681239,고객00658,2026-04-14,2.85%,1.12%,3.97%,Y
CB681239,고객00658,2026-01-14,2.76%,1.11%,3.87%,Y
CB681239,고객00658,2025-10-14,2.75%,1.20%,3.95%,Y
13E70644,고객00659,2026-04-14,2.85%,1.94%,4.79%,N
A51279E1,고객00661,2026-04-14,2.85%,1.74%,4.59%,N
A51279E1,고객00661,2026-01-14,2.76%,1.71%,4.47%,N
144A24D8,고객00662,2026-04-14,2.85%,1.60%,4.45%,N
144A24D8,고객00662,2026-01-14,2.76%,1.62%,4.38%,N
144A24D8,고객00662,2025-10-14,2.75%,1.63%,4.38%,N
734548EC,고객00663,2026-04-14,2.85%,2.64%,5.49%,N
4376D76C,고객00664,2026-04-14,2.85%,2.14%,4.99%,N
2D59096C,고객00665,2026-04-14,2.85%,1.84%,4.69%,N
2D59096C,고객00665,2026-01-14,2.76%,1.83%,4.59%,N
AB52734F,고객00666,2026-04-14,2.85%,2.26%,5.11%,N
2B51D89A,고객00667,2026-04-14,2.85%,1.47%,4.32%,N
2B51D89A,고객00667,2026-01-14,2.76%,1.51%,4.27%,N
3349CABD,고객00668,2026-04-14,2.85%,1.21%,4.06%,Y
3349CABD,고객00668,2026-01-14,2.76%,1.13%,3.89%,Y
3349CABD,고객00668,2025-10-14,2.75%,1.16%,3.91%,Y
6EBC6347,고객00672,2026-04-14,2.85%,1.81%,4.66%,N
6EBC6347,고객00672,2026-01-14,2.76%,1.80%,4.56%,N
8053E4EF,고객00673,2026-04-14,2.85%,2.23%,5.08%,N
8053E4EF,고객00673,2026-01-14,2.76%,2.23%,4.99%,N
8053E4EF,고객00673,2025-10-14,2.75%,2.26%,5.01%,N
CABDEB1D,고객00674,2026-04-14,2.85%,1.00%,3.85%,Y
CABDEB1D,고객00674,2026-01-14,2.76%,1.00%,3.76%,Y
CABDEB1D,고객00674,2025-10-14,2.75%,1.00%,3.75%,Y
F61CA445,고객00675,2026-04-14,2.85%,1.04%,3.89%,Y
F61CA445,고객00675,2026-01-14,2.76%,1.03%,3.79%,Y
1A3F00D0,고객00677,2026-04-14,2.85%,2.41%,5.26%,N
1A3F00D0,고객00677,2026-01-14,2.76%,2.40%,5.16%,N
36D05311,고객00678,2026-04-14,2.85%,1.97%,4.82%,N
36D05311,고객00678,2026-01-14,2.76%,2.05%,4.81%,N
36D05311,고객00678,2025-10-14,2.75%,2.02%,4.77%,N
36D05311,고객00678,2025-07-14,2.68%,1.99%,4.67%,N
201196B2,고객00679,2026-04-14,2.85%,2.73%,5.58%,N
AB9F9FCF,고객00680,2026-04-14,2.85%,2.28%,5.13%,N
AB9F9FCF,고객00680,2026-01-14,2.76%,2.37%,5.13%,N
4E390407,고객00681,2026-04-14,2.85%,1.42%,4.27%,N
A2181C81,고객00682,2026-04-14,2.85%,2.57%,5.42%,N
A2181C81,고객00682,2026-01-14,2.76%,2.59%,5.35%,N
A2181C81,고객00682,2025-10-14,2.75%,2.55%,5.30%,N
5DBC7C43,고객00684,2026-04-14,2.85%,2.46%,5.31%,N
5DBC7C43,고객00684,2026-01-14,2.76%,2.54%,5.30%,N
478AB350,고객00685,2026-04-14,2.85%,1.19%,4.04%,Y
478AB350,고객00685,2026-01-14,2.76%,1.26%,4.02%,Y
7910C806,고객00686,2026-04-14,2.85%,2.63%,5.48%,N
612C5E03,고객00687,2026-04-14,2.85%,1.75%,4.60%,N
612C5E03,고객00687,2026-01-14,2.76%,1.73%,4.49%,N
612C5E03,고객00687,2025-10-14,2.75%,1.69%,4.44%,N
8333160A,고객00688,2026-04-14,2.85%,1.67%,4.52%,N
8333160A,고객00688,2026-01-14,2.76%,1.65%,4.41%,N
8333160A,고객00688,2025-10-14,2.75%,1.64%,4.39%,N
796469A0,고객00692,2026-04-14,2.85%,2.86%,5.71%,N
796469A0,고객00692,2026-01-14,2.76%,2.90%,5.66%,N
796469A0,고객00692,2025-10-14,2.75%,2.88%,5.63%,N
B413B8BF,고객00693,2026-04-14,2.85%,1.20%,4.05%,Y
B413B8BF,고객00693,2026-01-14,2.76%,1.26%,4.02%,Y
B413B8BF,고객00693,2025-10-14,2.75%,1.24%,3.99%,Y
B413B8BF,고객00693,2025-07-14,2.68%,1.25%,3.93%,Y
39611C23,고객00694,2026-04-14,2.85%,1.16%,4.01%,Y
39611C23,고객00694,2026-01-14,2.76%,1.09%,3.85%,Y
77C6DBCC,고객00695,2026-04-14,2.85%,2.76%,5.61%,N
77C6DBCC,고객00695,2026-01-14,2.76%,2.71%,5.47%,N
77C6DBCC,고객00695,2025-10-14,2.75%,2.80%,5.55%,N
77C6DBCC,고객00695,2025-07-14,2.68%,2.74%,5.42%,N
5E7CC80C,고객00696,2026-04-14,2.85%,1.72%,4.57%,N
8C30068E,고객00697,2026-04-14,2.85%,2.18%,5.03%,N
F7BC1BE2,고객00698,2026-04-14,2.85%,1.10%,3.95%,Y
F7BC1BE2,고객00698,2026-01-14,2.76%,1.13%,3.89%,Y
166D83C4,고객00699,2026-04-14,2.85%,1.44%,4.29%,N
166D83C4,고객00699,2026-01-14,2.76%,1.50%,4.26%,N
166D83C4,고객00699,2025-10-14,2.75%,1.44%,4.19%,N
573C1640,고객00700,2026-04-14,2.85%,1.61%,4.46%,N
573C1640,고객00700,2026-01-14,2.76%,1.57%,4.33%,N
2EB9F5FC,고객00701,2026-04-14,2.85%,2.38%,5.23%,N
2EB9F5FC,고객00701,2026-01-14,2.76%,2.39%,5.15%,N
2EB9F5FC,고객00701,2025-10-14,2.75%,2.35%,5.10%,N
8EEE4689,고객00702,2026-04-14,2.85%,1.41%,4.26%,N
8EEE4689,고객00702,2026-01-14,2.76%,1.42%,4.18%,N
8EEE4689,고객00702,2025-10-14,2.75%,1.47%,4.22%,N
DA6AD387,고객00703,2026-04-14,2.85%,2.59%,5.44%,N
DA6AD387,고객00703,2026-01-14,2.76%,2.57%,5.33%,N
DA6AD387,고객00703,2025-10-14,2.75%,2.61%,5.36%,N
DA6AD387,고객00703,2025-07-14,2.68%,2.59%,5.27%,N
44DF0723,고객00705,2026-04-14,2.85%,2.18%,5.03%,N
44DF0723,고객00705,2026-01-14,2.76%,2.18%,4.94%,N
44DF0723,고객00705,2025-10-14,2.75%,2.24%,4.99%,N
CE69978C,고객00707,2026-04-14,2.85%,2.85%,5.70%,N
CE69978C,고객00707,2026-01-14,2.76%,2.80%,5.56%,N
CE69978C,고객00707,2025-10-14,2.75%,2.85%,5.60%,N
2EB61B1C,고객00708,2026-04-14,2.85%,1.40%,4.25%,N
2EB61B1C,고객00708,2026-01-14,2.76%,1.41%,4.17%,N
2EB61B1C,고객00708,2025-10-14,2.75%,1.39%,4.14%,N
2EB61B1C,고객00708,2025-07-14,2.68%,1.32%,4.00%,N
EB0337FF,고객00709,2026-04-14,2.85%,2.59%,5.44%,N
C791FF77,고객00710,2026-04-14,2.85%,1.25%,4.10%,Y
10A316A7,고객00711,2026-04-14,2.85%,2.31%,5.16%,N
10A316A7,고객00711,2026-01-14,2.76%,2.34%,5.10%,N
3C91766C,고객00712,2026-04-14,2.85%,2.70%,5.55%,N
3C91766C,고객00712,2026-01-14,2.76%,2.71%,5.47%,N
A332C064,고객00713,2026-04-14,2.85%,1.96%,4.81%,N
70877E47,고객00714,2026-04-14,2.85%,1.93%,4.78%,N
70877E47,고객00714,2026-01-14,2.76%,1.87%,4.63%,N
70877E47,고객00714,2025-10-14,2.75%,1.85%,4.60%,N
C575CA2D,고객00715,2026-04-14,2.85%,1.83%,4.68%,N
C575CA2D,고객00715,2026-01-14,2.76%,1.78%,4.54%,N
C575CA2D,고객00715,2025-10-14,2.75%,1.83%,4.58%,N
C575CA2D,고객00715,2025-07-14,2.68%,1.78%,4.46%,N
2327C260,고객00716,2026-04-14,2.85%,2.01%,4.86%,N
2327C260,고객00716,2026-01-14,2.76%,1.97%,4.73%,N
2327C260,고객00716,2025-10-14,2.75%,1.99%,4.74%,N
CF51C670,고객00717,2026-04-14,2.85%,1.08%,3.93%,Y
0AF0532D,고객00718,2026-04-14,2.85%,1.63%,4.48%,N
0AF0532D,고객00718,2026-01-14,2.76%,1.57%,4.33%,N
0AF0532D,고객00718,2025-10-14,2.75%,1.64%,4.39%,N
A51AD8DF,고객00719,2026-04-14,2.85%,1.56%,4.41%,N
A51AD8DF,고객00719,2026-01-14,2.76%,1.61%,4.37%,N
29EE7AFD,고객00720,2026-04-14,2.85%,2.35%,5.20%,N
29EE7AFD,고객00720,2026-01-14,2.76%,2.38%,5.14%,N
29EE7AFD,고객00720,2025-10-14,2.75%,2.33%,5.08%,N
94FA6323,고객00721,2026-04-14,2.85%,1.29%,4.14%,Y
C37CB4E7,고객00722,2026-04-14,2.85%,2.15%,5.00%,N
C37CB4E7,고객00722,2026-01-14,2.76%,2.19%,4.95%,N
C37CB4E7,고객00722,2025-10-14,2.75%,2.11%,4.86%,N
8E2E1CBE,고객00723,2026-04-14,2.85%,1.48%,4.33%,N
8E2E1CBE,고객00723,2026-01-14,2.76%,1.46%,4.22%,N
8E2E1CBE,고객00723,2025-10-14,2.75%,1.48%,4.23%,N
F3D535A7,고객00724,2026-04-14,2.85%,2.71%,5.56%,N
F3D535A7,고객00724,2026-01-14,2.76%,2.72%,5.48%,N
F3D535A7,고객00724,2025-10-14,2.75%,2.72%,5.47%,N
A1380125,고객00725,2026-04-14,2.85%,2.79%,5.64%,N
A1380125,고객00725,2026-01-14,2.76%,2.79%,5.55%,N
A1380125,고객00725,2025-10-14,2.75%,2.81%,5.56%,N
5BE5A758,고객00726,2026-04-14,2.85%,1.63%,4.48%,N
5BE5A758,고객00726,2026-01-14,2.76%,1.61%,4.37%,N
5BE5A758,고객00726,2025-10-14,2.75%,1.63%,4.38%,N
D7752F57,고객00727,2026-04-14,2.85%,2.46%,5.31%,N
D7752F57,고객00727,2026-01-14,2.76%,2.38%,5.14%,N
D7752F57,고객00727,2025-10-14,2.75%,2.41%,5.16%,N
D7752F57,고객00727,2025-07-14,2.68%,2.38%,5.06%,N
58846E1B,고객00729,2026-04-14,2.85%,2.76%,5.61%,N
7F5E7061,고객00731,2026-04-14,2.85%,1.05%,3.90%,Y
7F5E7061,고객00731,2026-01-14,2.76%,1.05%,3.81%,Y
B4061B6E,고객00733,2026-04-14,2.85%,1.11%,3.96%,Y
B4061B6E,고객00733,2026-01-14,2.76%,1.14%,3.90%,Y
B4061B6E,고객00733,2025-10-14,2.75%,1.12%,3.87%,Y
D9269D36,고객00735,2026-04-14,2.85%,1.14%,3.99%,Y
D9269D36,고객00735,2026-01-14,2.76%,1.12%,3.88%,Y
D9269D36,고객00735,2025-10-14,2.75%,1.19%,3.94%,Y
D9269D36,고객00735,2025-07-14,2.68%,1.17%,3.85%,Y
B5F2FA43,고객00736,2026-04-14,2.85%,2.70%,5.55%,N
B5F2FA43,고객00736,2026-01-14,2.76%,2.70%,5.46%,N
D75E5DFB,고객00738,2026-04-14,2.85%,2.05%,4.90%,N
D75E5DFB,고객00738,2026-01-14,2.76%,2.04%,4.80%,N
D75E5DFB,고객00738,2025-10-14,2.75%,2.03%,4.78%,N
D75E5DFB,고객00738,2025-07-14,2.68%,2.00%,4.68%,N
813B53F6,고객00742,2026-04-14,2.85%,2.63%,5.48%,N
813B53F6,고객00742,2026-01-14,2.76%,2.64%,5.40%,N
813B53F6,고객00742,2025-10-14,2.75%,2.64%,5.39%,N
813B53F6,고객00742,2025-07-14,2.68%,2.59%,5.27%,N
EC124281,고객00743,2026-04-14,2.85%,1.61%,4.46%,N
EC124281,고객00743,2026-01-14,2.76%,1.60%,4.36%,N
6F818096,고객00745,2026-04-14,2.85%,2.76%,5.61%,N
6F818096,고객00745,2026-01-14,2.76%,2.75%,5.51%,N
95D65521,고객00746,2026-04-14,2.85%,1.69%,4.54%,N
95D65521,고객00746,2026-01-14,2.76%,1.67%,4.43%,N
95D65521,고객00746,2025-10-14,2.75%,1.67%,4.42%,N
95D65521,고객00746,2025-07-14,2.68%,1.71%,4.39%,N
2B84DD41,고객00747,2026-04-14,2.85%,1.23%,4.08%,Y
28A57056,고객00748,2026-04-14,2.85%,1.75%,4.60%,N
28A57056,고객00748,2026-01-14,2.76%,1.66%,4.42%,N
28A57056,고객00748,2025-10-14,2.75%,1.72%,4.47%,N
28A57056,고객00748,2025-07-14,2.68%,1.71%,4.39%,N
21E066D2,고객00749,2026-04-14,2.85%,2.67%,5.52%,N
21E066D2,고객00749,2026-01-14,2.76%,2.69%,5.45%,N
FE0E1C74,고객00750,2026-04-14,2.85%,2.47%,5.32%,N
FE0E1C74,고객00750,2026-01-14,2.76%,2.54%,5.30%,N
FE0E1C74,고객00750,2025-10-14,2.75%,2.48%,5.23%,N
FE0E1C74,고객00750,2025-07-14,2.68%,2.48%,5.16%,N
5061E6BF,고객00751,2026-04-14,2.85%,2.30%,5.15%,N
5061E6BF,고객00751,2026-01-14,2.76%,2.40%,5.16%,N
BBAD927C,고객00752,2026-04-14,2.85%,2.36%,5.21%,N
BBAD927C,고객00752,2026-01-14,2.76%,2.45%,5.21%,N
BBAD927C,고객00752,2025-10-14,2.75%,2.44%,5.19%,N
BBAD927C,고객00752,2025-07-14,2.68%,2.41%,5.09%,N
8A6B7F4A,고객00754,2026-04-14,2.85%,1.89%,4.74%,N
8A6B7F4A,고객00754,2026-01-14,2.76%,1.81%,4.57%,N
8A6B7F4A,고객00754,2025-10-14,2.75%,1.84%,4.59%,N
545D3750,고객00755,2026-04-14,2.85%,2.51%,5.36%,N
6887DD23,고객00756,2026-04-14,2.85%,2.73%,5.58%,N
6887DD23,고객00756,2026-01-14,2.76%,2.65%,5.41%,N
E0544BC0,고객00757,2026-04-14,2.85%,1.46%,4.31%,N
E0544BC0,고객00757,2026-01-14,2.76%,1.45%,4.21%,N
EBD2F671,고객00758,2026-04-14,2.85%,1.95%,4.80%,N
EBD2F671,고객00758,2026-01-14,2.76%,1.88%,4.64%,N
EBD2F671,고객00758,2025-10-14,2.75%,1.88%,4.63%,N
EBD2F671,고객00758,2025-07-14,2.68%,1.92%,4.60%,N
89A9625F,고객00759,2026-04-14,2.85%,2.84%,5.69%,N
1CD147E9,고객00760,2026-04-14,2.85%,2.53%,5.38%,N
1CD147E9,고객00760,2026-01-14,2.76%,2.60%,5.36%,N
1CD147E9,고객00760,2025-10-14,2.75%,2.59%,5.34%,N
AF1E196E,고객00761,2026-04-14,2.85%,2.94%,5.79%,N
AF1E196E,고객00761,2026-01-14,2.76%,2.87%,5.63%,N
AF1E196E,고객00761,2025-10-14,2.75%,2.88%,5.63%,N
AF1E196E,고객00761,2025-07-14,2.68%,2.86%,5.54%,N
DBD7378C,고객00763,2026-04-14,2.85%,1.21%,4.06%,Y
DBD7378C,고객00763,2026-01-14,2.76%,1.26%,4.02%,Y
DBD7378C,고객00763,2025-10-14,2.75%,1.25%,4.00%,Y
C6DB178B,고객00764,2026-04-14,2.85%,2.56%,5.41%,N
C6DB178B,고객00764,2026-01-14,2.76%,2.57%,5.33%,N
C6DB178B,고객00764,2025-10-14,2.75%,2.58%,5.33%,N
C6DB178B,고객00764,2025-07-14,2.68%,2.57%,5.25%,N
9843964E,고객00765,2026-04-14,2.85%,1.39%,4.24%,N
1453389B,고객00768,2026-04-14,2.85%,1.46%,4.31%,N
1453389B,고객00768,2026-01-14,2.76%,1.49%,4.25%,N
1453389B,고객00768,2025-10-14,2.75%,1.49%,4.24%,N
2C7B15D5,고객00769,2026-04-14,2.85%,1.27%,4.12%,Y
2C7B15D5,고객00769,2026-01-14,2.76%,1.33%,4.09%,N
B02CF476,고객00770,2026-04-14,2.85%,1.82%,4.67%,N
B02CF476,고객00770,2026-01-14,2.76%,1.75%,4.51%,N
B02CF476,고객00770,2025-10-14,2.75%,1.80%,4.55%,N
9ABC87CB,고객00771,2026-04-14,2.85%,2.43%,5.28%,N
9ABC87CB,고객00771,2026-01-14,2.76%,2.48%,5.24%,N
82A526E5,고객00772,2026-04-14,2.85%,2.47%,5.32%,N
131FE94F,고객00773,2026-04-14,2.85%,1.89%,4.74%,N
131FE94F,고객00773,2026-01-14,2.76%,1.84%,4.60%,N
131FE94F,고객00773,2025-10-14,2.75%,1.90%,4.65%,N
E13B9A04,고객00774,2026-04-14,2.85%,1.51%,4.36%,N
E13B9A04,고객00774,2026-01-14,2.76%,1.49%,4.25%,N
CCE42AC4,고객00776,2026-04-14,2.85%,2.13%,4.98%,N
CCE42AC4,고객00776,2026-01-14,2.76%,2.17%,4.93%,N
CCE42AC4,고객00776,2025-10-14,2.75%,2.18%,4.93%,N
FA5FA5F0,고객00777,2026-04-14,2.85%,1.46%,4.31%,N
FA5FA5F0,고객00777,2026-01-14,2.76%,1.41%,4.17%,N
FA5FA5F0,고객00777,2025-10-14,2.75%,1.41%,4.16%,N
31F3860E,고객00778,2026-04-14,2.85%,1.63%,4.48%,N
31F3860E,고객00778,2026-01-14,2.76%,1.58%,4.34%,N
ABF0D3B1,고객00779,2026-04-14,2.85%,2.73%,5.58%,N
E96AE30D,고객00780,2026-04-14,2.85%,1.60%,4.45%,N
E96AE30D,고객00780,2026-01-14,2.76%,1.60%,4.36%,N
E96AE30D,고객00780,2025-10-14,2.75%,1.69%,4.44%,N
6D4F6422,고객00783,2026-04-14,2.85%,1.53%,4.38%,N
FBFAB2F0,고객00785,2026-04-14,2.85%,1.50%,4.35%,N
FBFAB2F0,고객00785,2026-01-14,2.76%,1.58%,4.34%,N
FBFAB2F0,고객00785,2025-10-14,2.75%,1.58%,4.33%,N
FBFAB2F0,고객00785,2025-07-14,2.68%,1.57%,4.25%,N
603BF79A,고객00788,2026-04-14,2.85%,2.70%,5.55%,N
603BF79A,고객00788,2026-01-14,2.76%,2.76%,5.52%,N
603BF79A,고객00788,2025-10-14,2.75%,2.74%,5.49%,N
2FCDC211,고객00789,2026-04-14,2.85%,2.00%,4.85%,N
2FCDC211,고객00789,2026-01-14,2.76%,1.95%,4.71%,N
2FCDC211,고객00789,2025-10-14,2.75%,1.96%,4.71%,N
79FFE493,고객00790,2026-04-14,2.85%,2.65%,5.50%,N
79FFE493,고객00790,2026-01-14,2.76%,2.68%,5.44%,N
79FFE493,고객00790,2025-10-14,2.75%,2.67%,5.42%,N
79FFE493,고객00790,2025-07-14,2.68%,2.64%,5.32%,N
E0D824E1,고객00791,2026-04-14,2.85%,2.40%,5.25%,N
E0D824E1,고객00791,2026-01-14,2.76%,2.47%,5.23%,N
E0D824E1,고객00791,2025-10-14,2.75%,2.48%,5.23%,N
FAF7EBEB,고객00793,2026-04-14,2.85%,1.55%,4.40%,N
FAF7EBEB,고객00793,2026-01-14,2.76%,1.50%,4.26%,N
13276D92,고객00794,2026-04-14,2.85%,2.10%,4.95%,N
13276D92,고객00794,2026-01-14,2.76%,2.14%,4.90%,N
13276D92,고객00794,2025-10-14,2.75%,2.13%,4.88%,N
6E146CC3,고객00795,2026-04-14,2.85%,2.54%,5.39%,N
3E3C88FC,고객00796,2026-04-14,2.85%,1.01%,3.86%,Y
3E3C88FC,고객00796,2026-01-14,2.76%,1.07%,3.83%,Y
3E3C88FC,고객00796,2025-10-14,2.75%,1.04%,3.79%,Y
1BF3E173,고객00797,2026-04-14,2.85%,2.44%,5.29%,N
AF4C8A3D,고객00798,2026-04-14,2.85%,1.73%,4.58%,N
328E8728,고객00799,2026-04-14,2.85%,2.78%,5.63%,N
328E8728,고객00799,2026-01-14,2.76%,2.79%,5.55%,N
1ACA8B63,고객00800,2026-04-14,2.85%,1.65%,4.50%,N
1ACA8B63,고객00800,2026-01-14,2.76%,1.64%,4.40%,N
1ACA8B63,고객00800,2025-10-14,2.75%,1.68%,4.43%,N
1ACA8B63,고객00800,2025-07-14,2.68%,1.67%,4.35%,N
E70FAA1B,고객00803,2026-04-14,2.85%,1.20%,4.05%,Y
E70FAA1B,고객00803,2026-01-14,2.76%,1.13%,3.89%,Y
E70FAA1B,고객00803,2025-10-14,2.75%,1.20%,3.95%,Y
E5D1B1A8,고객00804,2026-04-14,2.85%,1.64%,4.49%,N
E5D1B1A8,고객00804,2026-01-14,2.76%,1.58%,4.34%,N
D4A2624A,고객00805,2026-04-14,2.85%,2.37%,5.22%,N
D4A2624A,고객00805,2026-01-14,2.76%,2.35%,5.11%,N
D4A2624A,고객00805,2025-10-14,2.75%,2.35%,5.10%,N
D4A2624A,고객00805,2025-07-14,2.68%,2.34%,5.02%,N
F8CCC278,고객00806,2026-04-14,2.85%,1.89%,4.74%,N
F8CCC278,고객00806,2026-01-14,2.76%,1.91%,4.67%,N
F8CCC278,고객00806,2025-10-14,2.75%,1.86%,4.61%,N
B2711512,고객00807,2026-04-14,2.85%,2.72%,5.57%,N
B2711512,고객00807,2026-01-14,2.76%,2.66%,5.42%,N
6DDD13D4,고객00808,2026-04-14,2.85%,1.80%,4.65%,N
6DDD13D4,고객00808,2026-01-14,2.76%,1.83%,4.59%,N
6DDD13D4,고객00808,2025-10-14,2.75%,1.82%,4.57%,N
021FC7FA,고객00809,2026-04-14,2.85%,1.75%,4.60%,N
021FC7FA,고객00809,2026-01-14,2.76%,1.68%,4.44%,N
021FC7FA,고객00809,2025-10-14,2.75%,1.70%,4.45%,N
5E66F226,고객00810,2026-04-14,2.85%,1.63%,4.48%,N
5E66F226,고객00810,2026-01-14,2.76%,1.63%,4.39%,N
5E66F226,고객00810,2025-10-14,2.75%,1.64%,4.39%,N
5A4A1354,고객00811,2026-04-14,2.85%,1.31%,4.16%,N
9A7B3439,고객00813,2026-04-14,2.85%,2.83%,5.68%,N
2608E4A8,고객00814,2026-04-14,2.85%,1.82%,4.67%,N
2608E4A8,고객00814,2026-01-14,2.76%,1.91%,4.67%,N
2608E4A8,고객00814,2025-10-14,2.75%,1.86%,4.61%,N
2608E4A8,고객00814,2025-07-14,2.68%,1.89%,4.57%,N
1DCD3308,고객00815,2026-04-14,2.85%,1.29%,4.14%,Y
87307EFE,고객00816,2026-04-14,2.85%,1.19%,4.04%,Y
87307EFE,고객00816,2026-01-14,2.76%,1.19%,3.95%,Y
87307EFE,고객00816,2025-10-14,2.75%,1.23%,3.98%,Y
87307EFE,고객00816,2025-07-14,2.68%,1.19%,3.87%,Y
F4D0C037,고객00817,2026-04-14,2.85%,2.84%,5.69%,N
E0ACAEE6,고객00818,2026-04-14,2.85%,1.69%,4.54%,N
E0ACAEE6,고객00818,2026-01-14,2.76%,1.72%,4.48%,N
E0ACAEE6,고객00818,2025-10-14,2.75%,1.71%,4.46%,N
E0ACAEE6,고객00818,2025-07-14,2.68%,1.70%,4.38%,N
817BE6B1,고객00819,2026-04-14,2.85%,1.77%,4.62%,N
817BE6B1,고객00819,2026-01-14,2.76%,1.75%,4.51%,N
817BE6B1,고객00819,2025-10-14,2.75%,1.74%,4.49%,N
817BE6B1,고객00819,2025-07-14,2.68%,1.70%,4.38%,N
50C16013,고객00820,2026-04-14,2.85%,1.82%,4.67%,N
50C16013,고객00820,2026-01-14,2.76%,1.85%,4.61%,N
50C16013,고객00820,2025-10-14,2.75%,1.77%,4.52%,N
AFA2B769,고객00821,2026-04-14,2.85%,1.22%,4.07%,Y
AFA2B769,고객00821,2026-01-14,2.76%,1.30%,4.06%,Y
AFA2B769,고객00821,2025-10-14,2.75%,1.25%,4.00%,Y
AFA2B769,고객00821,2025-07-14,2.68%,1.24%,3.92%,Y
C3807BB1,고객00822,2026-04-14,2.85%,2.75%,5.60%,N
C3807BB1,고객00822,2026-01-14,2.76%,2.76%,5.52%,N
C3807BB1,고객00822,2025-10-14,2.75%,2.73%,5.48%,N
C3807BB1,고객00822,2025-07-14,2.68%,2.75%,5.43%,N
EBF5FF8C,고객00824,2026-04-14,2.85%,1.25%,4.10%,Y
EBF5FF8C,고객00824,2026-01-14,2.76%,1.24%,4.00%,Y
612A49E2,고객00825,2026-04-14,2.85%,2.17%,5.02%,N
2F4F3720,고객00826,2026-04-14,2.85%,2.83%,5.68%,N
2F4F3720,고객00826,2026-01-14,2.76%,2.84%,5.60%,N
2F4F3720,고객00826,2025-10-14,2.75%,2.80%,5.55%,N
2F4F3720,고객00826,2025-07-14,2.68%,2.87%,5.55%,N
251A24EA,고객00827,2026-04-14,2.85%,1.48%,4.33%,N
251A24EA,고객00827,2026-01-14,2.76%,1.46%,4.22%,N
251A24EA,고객00827,2025-10-14,2.75%,1.42%,4.17%,N
251A24EA,고객00827,2025-07-14,2.68%,1.46%,4.14%,N
72E74EA9,고객00828,2026-04-14,2.85%,2.84%,5.69%,N
72E74EA9,고객00828,2026-01-14,2.76%,2.84%,5.60%,N
7CF0D4C7,고객00829,2026-04-14,2.85%,1.41%,4.26%,N
7CF0D4C7,고객00829,2026-01-14,2.76%,1.50%,4.26%,N
7CF0D4C7,고객00829,2025-10-14,2.75%,1.44%,4.19%,N
7CF0D4C7,고객00829,2025-07-14,2.68%,1.46%,4.14%,N
6F51F503,고객00831,2026-04-14,2.85%,2.31%,5.16%,N
6F51F503,고객00831,2026-01-14,2.76%,2.30%,5.06%,N
6F51F503,고객00831,2025-10-14,2.75%,2.36%,5.11%,N
70B15E8B,고객00833,2026-04-14,2.85%,1.07%,3.92%,Y
70B15E8B,고객00833,2026-01-14,2.76%,1.11%,3.87%,Y
70B15E8B,고객00833,2025-10-14,2.75%,1.07%,3.82%,Y
06E24486,고객00834,2026-04-14,2.85%,2.81%,5.66%,N
06E24486,고객00834,2026-01-14,2.76%,2.78%,5.54%,N
06E24486,고객00834,2025-10-14,2.75%,2.77%,5.52%,N
06E24486,고객00834,2025-07-14,2.68%,2.78%,5.46%,N
60B4508E,고객00837,2026-04-14,2.85%,1.36%,4.21%,N
60B4508E,고객00837,2026-01-14,2.76%,1.34%,4.10%,N
60B4508E,고객00837,2025-10-14,2.75%,1.29%,4.04%,Y
60B4508E,고객00837,2025-07-14,2.68%,1.35%,4.03%,N
E181CE48,고객00838,2026-04-14,2.85%,2.65%,5.50%,N
E181CE48,고객00838,2026-01-14,2.76%,2.63%,5.39%,N
E181CE48,고객00838,2025-10-14,2.75%,2.63%,5.38%,N
E181CE48,고객00838,2025-07-14,2.68%,2.69%,5.37%,N
49867BB4,고객00839,2026-04-14,2.85%,1.19%,4.04%,Y
49867BB4,고객00839,2026-01-14,2.76%,1.23%,3.99%,Y
49867BB4,고객00839,2025-10-14,2.75%,1.18%,3.93%,Y
49867BB4,고객00839,2025-07-14,2.68%,1.22%,3.90%,Y
7E42480C,고객00840,2026-04-14,2.85%,1.63%,4.48%,N
7E42480C,고객00840,2026-01-14,2.76%,1.65%,4.41%,N
7E42480C,고객00840,2025-10-14,2.75%,1.64%,4.39%,N
ACA47A80,고객00842,2026-04-14,2.85%,2.82%,5.67%,N
ACA47A80,고객00842,2026-01-14,2.76%,2.82%,5.58%,N
ACA47A80,고객00842,2025-10-14,2.75%,2.89%,5.64%,N
ACA47A80,고객00842,2025-07-14,2.68%,2.79%,5.47%,N
81AD6B8D,고객00843,2026-04-14,2.85%,2.59%,5.44%,N
81AD6B8D,고객00843,2026-01-14,2.76%,2.57%,5.33%,N
5787F670,고객00845,2026-04-14,2.85%,2.94%,5.79%,N
1C80E91B,고객00846,2026-04-14,2.85%,2.51%,5.36%,N
1C80E91B,고객00846,2026-01-14,2.76%,2.52%,5.28%,N
1C80E91B,고객00846,2025-10-14,2.75%,2.48%,5.23%,N
2AC3E210,고객00848,2026-04-14,2.85%,2.23%,5.08%,N
10831955,고객00849,2026-04-14,2.85%,1.29%,4.14%,Y
10831955,고객00849,2026-01-14,2.76%,1.36%,4.12%,N
0F8F321E,고객00850,2026-04-14,2.85%,1.04%,3.89%,Y
0F8F321E,고객00850,2026-01-14,2.76%,1.01%,3.77%,Y
0F8F321E,고객00850,2025-10-14,2.75%,1.00%,3.75%,Y
710DAED6,고객00851,2026-04-14,2.85%,1.35%,4.20%,N
710DAED6,고객00851,2026-01-14,2.76%,1.39%,4.15%,N
710DAED6,고객00851,2025-10-14,2.75%,1.38%,4.13%,N
A9AAE225,고객00852,2026-04-14,2.85%,2.32%,5.17%,N
A9AAE225,고객00852,2026-01-14,2.76%,2.30%,5.06%,N
411695CD,고객00853,2026-04-14,2.85%,1.70%,4.55%,N
411695CD,고객00853,2026-01-14,2.76%,1.76%,4.52%,N
411695CD,고객00853,2025-10-14,2.75%,1.73%,4.48%,N
411695CD,고객00853,2025-07-14,2.68%,1.67%,4.35%,N
A46EF57D,고객00855,2026-04-14,2.85%,2.60%,5.45%,N
A46EF57D,고객00855,2026-01-14,2.76%,2.61%,5.37%,N
A46EF57D,고객00855,2025-10-14,2.75%,2.62%,5.37%,N
E6ABA118,고객00858,2026-04-14,2.85%,1.07%,3.92%,Y
E6ABA118,고객00858,2026-01-14,2.76%,1.04%,3.80%,Y
E6ABA118,고객00858,2025-10-14,2.75%,1.06%,3.81%,Y
42CE8308,고객00859,2026-04-14,2.85%,1.09%,3.94%,Y
42CE8308,고객00859,2026-01-14,2.76%,1.09%,3.85%,Y
42CE8308,고객00859,2025-10-14,2.75%,1.13%,3.88%,Y
42CE8308,고객00859,2025-07-14,2.68%,1.15%,3.83%,Y
87642005,고객00860,2026-04-14,2.85%,1.76%,4.61%,N
87642005,고객00860,2026-01-14,2.76%,1.80%,4.56%,N
87642005,고객00860,2025-10-14,2.75%,1.77%,4.52%,N
87642005,고객00860,2025-07-14,2.68%,1.74%,4.42%,N
BF3B5296,고객00861,2026-04-14,2.85%,3.00%,5.85%,N
FF1804C9,고객00863,2026-04-14,2.85%,2.30%,5.15%,N
37C35E79,고객00864,2026-04-14,2.85%,1.62%,4.47%,N
8070F34A,고객00865,2026-04-14,2.85%,1.63%,4.48%,N
1F440054,고객00866,2026-04-14,2.85%,1.35%,4.20%,N
3116BB4D,고객00867,2026-04-14,2.85%,1.10%,3.95%,Y
56A5625C,고객00868,2026-04-14,2.85%,1.18%,4.03%,Y
E6235A87,고객00871,2026-04-14,2.85%,2.94%,5.79%,N
E6235A87,고객00871,2026-01-14,2.76%,2.91%,5.67%,N
E6235A87,고객00871,2025-10-14,2.75%,2.99%,5.74%,N
E6235A87,고객00871,2025-07-14,2.68%,2.97%,5.65%,N
31269AFD,고객00873,2026-04-14,2.85%,1.55%,4.40%,N
4475AC15,고객00875,2026-04-14,2.85%,1.21%,4.06%,Y
55563AEF,고객00876,2026-04-14,2.85%,2.21%,5.06%,N
F5B9C6EA,고객00877,2026-04-14,2.85%,1.39%,4.24%,N
F5B9C6EA,고객00877,2026-01-14,2.76%,1.43%,4.19%,N
567EE1E2,고객00878,2026-04-14,2.85%,1.92%,4.77%,N
567EE1E2,고객00878,2026-01-14,2.76%,1.98%,4.74%,N
567EE1E2,고객00878,2025-10-14,2.75%,1.97%,4.72%,N
567EE1E2,고객00878,2025-07-14,2.68%,1.89%,4.57%,N
1883CA61,고객00880,2026-04-14,2.85%,1.87%,4.72%,N
1883CA61,고객00880,2026-01-14,2.76%,1.87%,4.63%,N
1883CA61,고객00880,2025-10-14,2.75%,1.94%,4.69%,N
1883CA61,고객00880,2025-07-14,2.68%,1.94%,4.62%,N
177334A2,고객00881,2026-04-14,2.85%,1.32%,4.17%,N
177334A2,고객00881,2026-01-14,2.76%,1.37%,4.13%,N
177334A2,고객00881,2025-10-14,2.75%,1.30%,4.05%,Y
3EAC530B,고객00882,2026-04-14,2.85%,1.90%,4.75%,N
3EAC530B,고객00882,2026-01-14,2.76%,1.85%,4.61%,N
60852898,고객00883,2026-04-14,2.85%,1.64%,4.49%,N
FDE9C7E4,고객00884,2026-04-14,2.85%,2.01%,4.86%,N
E6BCEF5F,고객00885,2026-04-14,2.85%,2.28%,5.13%,N
D1D211F3,고객00886,2026-04-14,2.85%,2.92%,5.77%,N
D1D211F3,고객00886,2026-01-14,2.76%,2.94%,5.70%,N
D1D211F3,고객00886,2025-10-14,2.75%,2.90%,5.65%,N
F0609630,고객00887,2026-04-14,2.85%,2.28%,5.13%,N
F0609630,고객00887,2026-01-14,2.76%,2.19%,4.95%,N
F0609630,고객00887,2025-10-14,2.75%,2.24%,4.99%,N
F0609630,고객00887,2025-07-14,2.68%,2.20%,4.88%,N
B481CADD,고객00888,2026-04-14,2.85%,2.77%,5.62%,N
C777683E,고객00891,2026-04-14,2.85%,2.34%,5.19%,N
0A63D8FA,고객00892,2026-04-14,2.85%,2.94%,5.79%,N
0A63D8FA,고객00892,2026-01-14,2.76%,2.89%,5.65%,N
9C2973A9,고객00893,2026-04-14,2.85%,1.86%,4.71%,N
9C2973A9,고객00893,2026-01-14,2.76%,1.81%,4.57%,N
BD39C60B,고객00896,2026-04-14,2.85%,1.08%,3.93%,Y
BD39C60B,고객00896,2026-01-14,2.76%,1.06%,3.82%,Y
BD39C60B,고객00896,2025-10-14,2.75%,1.07%,3.82%,Y
18BC2320,고객00897,2026-04-14,2.85%,2.30%,5.15%,N
18BC2320,고객00897,2026-01-14,2.76%,2.38%,5.14%,N
18BC2320,고객00897,2025-10-14,2.75%,2.32%,5.07%,N
18BC2320,고객00897,2025-07-14,2.68%,2.37%,5.05%,N
EEAD0D7A,고객00898,2026-04-14,2.85%,2.78%,5.63%,N
EEAD0D7A,고객00898,2026-01-14,2.76%,2.78%,5.54%,N
C365B110,고객00899,2026-04-14,2.85%,2.66%,5.51%,N
C365B110,고객00899,2026-01-14,2.76%,2.61%,5.37%,N
C365B110,고객00899,2025-10-14,2.75%,2.62%,5.37%,N
30B2D852,고객00901,2026-04-14,2.85%,2.43%,5.28%,N
30B2D852,고객00901,2026-01-14,2.76%,2.41%,5.17%,N
30B2D852,고객00901,2025-10-14,2.75%,2.50%,5.25%,N
30B2D852,고객00901,2025-07-14,2.68%,2.44%,5.12%,N
D3BF5768,고객00902,2026-04-14,2.85%,2.44%,5.29%,N
D3BF5768,고객00902,2026-01-14,2.76%,2.44%,5.20%,N
D3BF5768,고객00902,2025-10-14,2.75%,2.37%,5.12%,N
D3BF5768,고객00902,2025-07-14,2.68%,2.43%,5.11%,N
D2167C3E,고객00903,2026-04-14,2.85%,2.38%,5.23%,N
3464DCD2,고객00904,2026-04-14,2.85%,2.27%,5.12%,N
3464DCD2,고객00904,2026-01-14,2.76%,2.29%,5.05%,N
3464DCD2,고객00904,2025-10-14,2.75%,2.27%,5.02%,N
D159A336,고객00905,2026-04-14,2.85%,2.38%,5.23%,N
7595EFA3,고객00906,2026-04-14,2.85%,2.74%,5.59%,N
7595EFA3,고객00906,2026-01-14,2.76%,2.79%,5.55%,N
7595EFA3,고객00906,2025-10-14,2.75%,2.77%,5.52%,N
F33777DB,고객00908,2026-04-14,2.85%,2.62%,5.47%,N
F33777DB,고객00908,2026-01-14,2.76%,2.61%,5.37%,N
F33777DB,고객00908,2025-10-14,2.75%,2.60%,5.35%,N
E84DA62B,고객00909,2026-04-14,2.85%,2.02%,4.87%,N
E84DA62B,고객00909,2026-01-14,2.76%,2.11%,4.87%,N
E84DA62B,고객00909,2025-10-14,2.75%,2.11%,4.86%,N
6A95FCA4,고객00910,2026-04-14,2.85%,2.73%,5.58%,N
6A95FCA4,고객00910,2026-01-14,2.76%,2.75%,5.51%,N
6A95FCA4,고객00910,2025-10-14,2.75%,2.72%,5.47%,N
6A95FCA4,고객00910,2025-07-14,2.68%,2.72%,5.40%,N
5B15235D,고객00911,2026-04-14,2.85%,2.65%,5.50%,N
5B15235D,고객00911,2026-01-14,2.76%,2.65%,5.41%,N
259AEC0C,고객00916,2026-04-14,2.85%,2.87%,5.72%,N
259AEC0C,고객00916,2026-01-14,2.76%,2.87%,5.63%,N
D0113A6F,고객00918,2026-04-14,2.85%,1.48%,4.33%,N
D0113A6F,고객00918,2026-01-14,2.76%,1.51%,4.27%,N
D0113A6F,고객00918,2025-10-14,2.75%,1.48%,4.23%,N
D0113A6F,고객00918,2025-07-14,2.68%,1.48%,4.16%,N
D81FA0F2,고객00919,2026-04-14,2.85%,1.27%,4.12%,Y
D81FA0F2,고객00919,2026-01-14,2.76%,1.33%,4.09%,N
D81FA0F2,고객00919,2025-10-14,2.75%,1.26%,4.01%,Y
D81FA0F2,고객00919,2025-07-14,2.68%,1.28%,3.96%,Y
AC05D34A,고객00923,2026-04-14,2.85%,2.59%,5.44%,N
612ECFEB,고객00924,2026-04-14,2.85%,1.42%,4.27%,N
612ECFEB,고객00924,2026-01-14,2.76%,1.48%,4.24%,N
612ECFEB,고객00924,2025-10-14,2.75%,1.42%,4.17%,N
612ECFEB,고객00924,2025-07-14,2.68%,1.44%,4.12%,N
D74F6027,고객00925,2026-04-14,2.85%,1.12%,3.97%,Y
D74F6027,고객00925,2026-01-14,2.76%,1.14%,3.90%,Y
D74F6027,고객00925,2025-10-14,2.75%,1.14%,3.89%,Y
D74F6027,고객00925,2025-07-14,2.68%,1.14%,3.82%,Y
990E7F83,고객00926,2026-04-14,2.85%,2.34%,5.19%,N
990E7F83,고객00926,2026-01-14,2.76%,2.37%,5.13%,N
341C32C9,고객00927,2026-04-14,2.85%,2.76%,5.61%,N
341C32C9,고객00927,2026-01-14,2.76%,2.72%,5.48%,N
341C32C9,고객00927,2025-10-14,2.75%,2.68%,5.43%,N
CAF6C758,고객00928,2026-04-14,2.85%,2.16%,5.01%,N
CAF6C758,고객00928,2026-01-14,2.76%,2.25%,5.01%,N
540862D9,고객00929,2026-04-14,2.85%,2.42%,5.27%,N
540862D9,고객00929,2026-01-14,2.76%,2.38%,5.14%,N
540862D9,고객00929,2025-10-14,2.75%,2.37%,5.12%,N
540862D9,고객00929,2025-07-14,2.68%,2.34%,5.02%,N
D3A51C40,고객00931,2026-04-14,2.85%,1.33%,4.18%,N
D3A51C40,고객00931,2026-01-14,2.76%,1.34%,4.10%,N
D3A51C40,고객00931,2025-10-14,2.75%,1.38%,4.13%,N
90A85153,고객00933,2026-04-14,2.85%,1.29%,4.14%,Y
90A85153,고객00933,2026-01-14,2.76%,1.27%,4.03%,Y
90A85153,고객00933,2025-10-14,2.75%,1.26%,4.01%,Y
0DE66C42,고객00935,2026-04-14,2.85%,2.66%,5.51%,N
0DE66C42,고객00935,2026-01-14,2.76%,2.63%,5.39%,N
0DE66C42,고객00935,2025-10-14,2.75%,2.69%,5.44%,N
0DE66C42,고객00935,2025-07-14,2.68%,2.61%,5.29%,N
2EFF2435,고객00936,2026-04-14,2.85%,2.31%,5.16%,N
2EFF2435,고객00936,2026-01-14,2.76%,2.29%,5.05%,N
4E16BBF2,고객00937,2026-04-14,2.85%,2.04%,4.89%,N
4E16BBF2,고객00937,2026-01-14,2.76%,2.03%,4.79%,N
4E16BBF2,고객00937,2025-10-14,2.75%,2.06%,4.81%,N
77D99533,고객00938,2026-04-14,2.85%,1.19%,4.04%,Y
77D99533,고객00938,2026-01-14,2.76%,1.21%,3.97%,Y
77D99533,고객00938,2025-10-14,2.75%,1.14%,3.89%,Y
CB02DA66,고객00939,2026-04-14,2.85%,1.10%,3.95%,Y
CB02DA66,고객00939,2026-01-14,2.76%,1.10%,3.86%,Y
50322E8C,고객00940,2026-04-14,2.85%,2.36%,5.21%,N
50322E8C,고객00940,2026-01-14,2.76%,2.32%,5.08%,N
50322E8C,고객00940,2025-10-14,2.75%,2.33%,5.08%,N
6922E62D,고객00941,2026-04-14,2.85%,2.43%,5.28%,N
6922E62D,고객00941,2026-01-14,2.76%,2.38%,5.14%,N
6922E62D,고객00941,2025-10-14,2.75%,2.45%,5.20%,N
23785FD5,고객00942,2026-04-14,2.85%,1.35%,4.20%,N
23785FD5,고객00942,2026-01-14,2.76%,1.34%,4.10%,N
23785FD5,고객00942,2025-10-14,2.75%,1.37%,4.12%,N
23785FD5,고객00942,2025-07-14,2.68%,1.31%,3.99%,N
90B531A3,고객00943,2026-04-14,2.85%,1.61%,4.46%,N
90B531A3,고객00943,2026-01-14,2.76%,1.62%,4.38%,N
90B531A3,고객00943,2025-10-14,2.75%,1.64%,4.39%,N
E0861C08,고객00944,2026-04-14,2.85%,1.16%,4.01%,Y
62540759,고객00945,2026-04-14,2.85%,2.68%,5.53%,N
62540759,고객00945,2026-01-14,2.76%,2.73%,5.49%,N
508E824C,고객00946,2026-04-14,2.85%,2.61%,5.46%,N
4DCCE02A,고객00948,2026-04-14,2.85%,2.88%,5.73%,N
4DCCE02A,고객00948,2026-01-14,2.76%,2.86%,5.62%,N
4DCCE02A,고객00948,2025-10-14,2.75%,2.82%,5.57%,N
4DCCE02A,고객00948,2025-07-14,2.68%,2.87%,5.55%,N
C3455B5E,고객00949,2026-04-14,2.85%,2.35%,5.20%,N
FB718FDF,고객00950,2026-04-14,2.85%,2.35%,5.20%,N
FB718FDF,고객00950,2026-01-14,2.76%,2.32%,5.08%,N
FB718FDF,고객00950,2025-10-14,2.75%,2.37%,5.12%,N
2D4973AA,고객00951,2026-04-14,2.85%,1.00%,3.85%,Y
2D4973AA,고객00951,2026-01-14,2.76%,1.02%,3.78%,Y
2D4973AA,고객00951,2025-10-14,2.75%,1.06%,3.81%,Y
2D4973AA,고객00951,2025-07-14,2.68%,1.05%,3.73%,Y
84C2E82B,고객00952,2026-04-14,2.85%,2.37%,5.22%,N
000B6498,고객00953,2026-04-14,2.85%,2.50%,5.35%,N
000B6498,고객00953,2026-01-14,2.76%,2.48%,5.24%,N
000B6498,고객00953,2025-10-14,2.75%,2.52%,5.27%,N
AFCE4A34,고객00955,2026-04-14,2.85%,1.12%,3.97%,Y
AFCE4A34,고객00955,2026-01-14,2.76%,1.05%,3.81%,Y
AFCE4A34,고객00955,2025-10-14,2.75%,1.10%,3.85%,Y
B591DB90,고객00956,2026-04-14,2.85%,2.04%,4.89%,N
B591DB90,고객00956,2026-01-14,2.76%,2.06%,4.82%,N
B591DB90,고객00956,2025-10-14,2.75%,2.11%,4.86%,N
B591DB90,고객00956,2025-07-14,2.68%,2.09%,4.77%,N
542DEAC9,고객00957,2026-04-14,2.85%,1.56%,4.41%,N
542DEAC9,고객00957,2026-01-14,2.76%,1.55%,4.31%,N
542DEAC9,고객00957,2025-10-14,2.75%,1.57%,4.32%,N
542DEAC9,고객00957,2025-07-14,2.68%,1.61%,4.29%,N
63DBBEAC,고객00958,2026-04-14,2.85%,2.96%,5.81%,N
57C8FE8E,고객00959,2026-04-14,2.85%,2.31%,5.16%,N
57C8FE8E,고객00959,2026-01-14,2.76%,2.34%,5.10%,N
59BAC314,고객00960,2026-04-14,2.85%,1.17%,4.02%,Y
59BAC314,고객00960,2026-01-14,2.76%,1.21%,3.97%,Y
59BAC314,고객00960,2025-10-14,2.75%,1.14%,3.89%,Y
59BAC314,고객00960,2025-07-14,2.68%,1.14%,3.82%,Y
CBCACB58,고객00962,2026-04-14,2.85%,1.06%,3.91%,Y
F65A04F7,고객00963,2026-04-14,2.85%,2.20%,5.05%,N
F65A04F7,고객00963,2026-01-14,2.76%,2.13%,4.89%,N
C1BB5C33,고객00965,2026-04-14,2.85%,1.30%,4.15%,Y
C1BB5C33,고객00965,2026-01-14,2.76%,1.25%,4.01%,Y
C1BB5C33,고객00965,2025-10-14,2.75%,1.22%,3.97%,Y
F1AFB2B7,고객00966,2026-04-14,2.85%,2.63%,5.48%,N
F1AFB2B7,고객00966,2026-01-14,2.76%,2.67%,5.43%,N
F1AFB2B7,고객00966,2025-10-14,2.75%,2.59%,5.34%,N
CE7EDFA0,고객00967,2026-04-14,2.85%,2.09%,4.94%,N
CE7EDFA0,고객00967,2026-01-14,2.76%,2.01%,4.77%,N
9574B4B4,고객00968,2026-04-14,2.85%,1.61%,4.46%,N
9574B4B4,고객00968,2026-01-14,2.76%,1.56%,4.32%,N
9574B4B4,고객00968,2025-10-14,2.75%,1.63%,4.38%,N
FB14AFF8,고객00969,2026-04-14,2.85%,2.63%,5.48%,N
FB14AFF8,고객00969,2026-01-14,2.76%,2.61%,5.37%,N
FB14AFF8,고객00969,2025-10-14,2.75%,2.62%,5.37%,N
FB14AFF8,고객00969,2025-07-14,2.68%,2.60%,5.28%,N
690C46A2,고객00970,2026-04-14,2.85%,2.48%,5.33%,N
690C46A2,고객00970,2026-01-14,2.76%,2.49%,5.25%,N
690C46A2,고객00970,2025-10-14,2.75%,2.51%,5.26%,N
690C46A2,고객00970,2025-07-14,2.68%,2.49%,5.17%,N
718711EA,고객00971,2026-04-14,2.85%,2.05%,4.90%,N
718711EA,고객00971,2026-01-14,2.76%,2.11%,4.87%,N
B6D3A43E,고객00972,2026-04-14,2.85%,2.44%,5.29%,N
B6D3A43E,고객00972,2026-01-14,2.76%,2.48%,5.24%,N
B6D3A43E,고객00972,2025-10-14,2.75%,2.46%,5.21%,N
980ACDF5,고객00973,2026-04-14,2.85%,1.06%,3.91%,Y
980ACDF5,고객00973,2026-01-14,2.76%,1.04%,3.80%,Y
FEAD1F69,고객00974,2026-04-14,2.85%,1.99%,4.84%,N
DF0F76D0,고객00975,2026-04-14,2.85%,1.77%,4.62%,N
ABE2A11D,고객00976,2026-04-14,2.85%,1.48%,4.33%,N
A37C3581,고객00977,2026-04-14,2.85%,1.66%,4.51%,N
A37C3581,고객00977,2026-01-14,2.76%,1.60%,4.36%,N
A37C3581,고객00977,2025-10-14,2.75%,1.66%,4.41%,N
A37C3581,고객00977,2025-07-14,2.68%,1.65%,4.33%,N
D7D05855,고객00978,2026-04-14,2.85%,1.14%,3.99%,Y
D7D05855,고객00978,2026-01-14,2.76%,1.16%,3.92%,Y
D7D05855,고객00978,2025-10-14,2.75%,1.17%,3.92%,Y
D7D05855,고객00978,2025-07-14,2.68%,1.16%,3.84%,Y
2A55EB20,고객00979,2026-04-14,2.85%,1.24%,4.09%,Y
2A55EB20,고객00979,2026-01-14,2.76%,1.24%,4.00%,Y
2A55EB20,고객00979,2025-10-14,2.75%,1.15%,3.90%,Y
2A55EB20,고객00979,2025-07-14,2.68%,1.21%,3.89%,Y
3E4F8111,고객00980,2026-04-14,2.85%,1.95%,4.80%,N
3E4F8111,고객00980,2026-01-14,2.76%,1.94%,4.70%,N
3E4F8111,고객00980,2025-10-14,2.75%,1.99%,4.74%,N
CB5A1B38,고객00981,2026-04-14,2.85%,2.90%,5.75%,N
CB5A1B38,고객00981,2026-01-14,2.76%,2.96%,5.72%,N
143FEC82,고객00982,2026-04-14,2.85%,1.71%,4.56%,N
143FEC82,고객00982,2026-01-14,2.76%,1.68%,4.44%,N
143FEC82,고객00982,2025-10-14,2.75%,1.68%,4.43%,N
DC9C4ABE,고객00983,2026-04-14,2.85%,1.79%,4.64%,N
989A41A3,고객00985,2026-04-14,2.85%,1.34%,4.19%,N
989A41A3,고객00985,2026-01-14,2.76%,1.32%,4.08%,N
8C207E85,고객00986,2026-04-14,2.85%,1.08%,3.93%,Y
8C207E85,고객00986,2026-01-14,2.76%,1.10%,3.86%,Y
8C207E85,고객00986,2025-10-14,2.75%,1.14%,3.89%,Y
8C207E85,고객00986,2025-07-14,2.68%,1.12%,3.80%,Y
4EF1B82B,고객00987,2026-04-14,2.85%,1.89%,4.74%,N
4EF1B82B,고객00987,2026-01-14,2.76%,1.88%,4.64%,N
4EF1B82B,고객00987,2025-10-14,2.75%,1.90%,4.65%,N
4EF1B82B,고객00987,2025-07-14,2.68%,1.87%,4.55%,N
68066274,고객00988,2026-04-14,2.85%,1.93%,4.78%,N
68066274,고객00988,2026-01-14,2.76%,1.93%,4.69%,N
68066274,고객00988,2025-10-14,2.75%,1.90%,4.65%,N
68066274,고객00988,2025-07-14,2.68%,1.91%,4.59%,N
6248C2CB,고객00989,2026-04-14,2.85%,2.70%,5.55%,N
021CBA5F,고객00990,2026-04-14,2.85%,1.17%,4.02%,Y
021CBA5F,고객00990,2026-01-14,2.76%,1.15%,3.91%,Y
AD4D4669,고객00991,2026-04-14,2.85%,1.93%,4.78%,N
AD4D4669,고객00991,2026-01-14,2.76%,1.89%,4.65%,N
AD4D4669,고객00991,2025-10-14,2.75%,1.94%,4.69%,N
AE3EC9DA,고객00992,2026-04-14,2.85%,2.78%,5.63%,N
AE3EC9DA,고객00992,2026-01-14,2.76%,2.69%,5.45%,N
DA73123F,고객00993,2026-04-14,2.85%,1.58%,4.43%,N
DA73123F,고객00993,2026-01-14,2.76%,1.63%,4.39%,N
DA73123F,고객00993,2025-10-14,2.75%,1.63%,4.38%,N
A57C38A8,고객00994,2026-04-14,2.85%,2.45%,5.30%,N
A57C38A8,고객00994,2026-01-14,2.76%,2.37%,5.13%,N
A57C38A8,고객00994,2025-10-14,2.75%,2.37%,5.12%,N
A57C38A8,고객00994,2025-07-14,2.68%,2.38%,5.06%,N
6D45C5B4,고객00995,2026-04-14,2.85%,2.87%,5.72%,N
6D45C5B4,고객00995,2026-01-14,2.76%,2.84%,5.60%,N
6D45C5B4,고객00995,2025-10-14,2.75%,2.91%,5.66%,N
6D45C5B4,고객00995,2025-07-14,2.68%,2.85%,5.53%,N
FCC5DD45,고객00996,2026-04-14,2.85%,2.57%,5.42%,N
FCC5DD45,고객00996,2026-01-14,2.76%,2.54%,5.30%,N
FCC5DD45,고객00996,2025-10-14,2.75%,2.57%,5.32%,N
ADBC4621,고객00997,2026-04-14,2.85%,1.22%,4.07%,Y
ADBC4621,고객00997,2026-01-14,2.76%,1.22%,3.98%,Y
ADBC4621,고객00997,2025-10-14,2.75%,1.21%,3.96%,Y
ADBC4621,고객00997,2025-07-14,2.68%,1.20%,3.88%,Y
DBC068E4,고객00998,2026-04-14,2.85%,2.77%,5.62%,N
DBC068E4,고객00998,2026-01-14,2.76%,2.72%,5.48%,N
5C21BCBD,고객00999,2026-04-14,2.85%,1.15%,4.00%,Y
5C21BCBD,고객00999,2026-01-14,2.76%,1.16%,3.92%,Y
5C21BCBD,고객00999,2025-10-14,2.75%,1.20%,3.95%,Y
5C21BCBD,고객00999,2025-07-14,2.68%,1.19%,3.87%,Y
A5DEE2E1,고객01000,2026-04-14,2.85%,1.88%,4.73%,N
A5DEE2E1,고객01000,2026-01-14,2.76%,1.80%,4.56%,N